Teilnehmer;ID;Alter;Durchlauf;Stimulus;KH;LS;RV;Kompensation;Likert7;LS Auswahl;;;;;
1;ZW3RTETF;24;1;34;3;A;V;J;4;A;;;;;
1;ZW3RTETF;24;1;29;3;D;V;N;5;D;;;;;
1;ZW3RTETF;24;1;32;3;D;R;J;7;D;;;;;
1;ZW3RTETF;24;1;27;3;E;R;N;3;E;;;;;
1;ZW3RTETF;24;1;25;3;A;R;N;7;A;;;;;
1;ZW3RTETF;24;1;35;3;D;V;J;7;A;;;;;
1;ZW3RTETF;24;1;36;3;E;V;J;7;E;;;;;
1;ZW3RTETF;24;1;28;3;A;V;N;7;D;;;;;
1;ZW3RTETF;24;1;33;3;E;R;J;6;E;;;;;
1;ZW3RTETF;24;1;30;3;E;V;N;7;E;;;;;
1;ZW3RTETF;24;1;26;3;D;R;N;5;D;;;;;
1;ZW3RTETF;24;1;31;3;A;R;J;7;A;;;;;
1;ZW3RTETF;24;1;4;1;A;V;N;6;D;;;;;
1;ZW3RTETF;24;1;1;1;A;R;N;7;A;;;;;
1;ZW3RTETF;24;1;10;1;A;V;J;7;A;;;;;
1;ZW3RTETF;24;1;11;1;D;V;J;7;D;;;;;
1;ZW3RTETF;24;1;8;1;D;R;J;6;D;;;;;
1;ZW3RTETF;24;1;12;1;E;V;J;7;E;;;;;
1;ZW3RTETF;24;1;7;1;A;R;J;6;D;;;;;
1;ZW3RTETF;24;1;3;1;E;R;N;5;E;;;;;
1;ZW3RTETF;24;1;6;1;E;V;N;6;E;;;;;
1;ZW3RTETF;24;1;2;1;D;R;N;6;D;;;;;
1;ZW3RTETF;24;1;9;1;E;R;J;7;E;;;;;
1;ZW3RTETF;24;1;5;1;D;V;N;6;A;;;;;
1;ZW3RTETF;24;1;24;2;E;V;J;6;E;;;;;
1;ZW3RTETF;24;1;17;2;D;V;N;7;D;;;;;
1;ZW3RTETF;24;1;14;2;D;R;N;6;D;;;;;
1;ZW3RTETF;24;1;23;2;D;V;J;4;D;;;;;
1;ZW3RTETF;24;1;18;2;E;V;N;7;E;;;;;
1;ZW3RTETF;24;1;19;2;A;R;J;7;A;;;;;
1;ZW3RTETF;24;1;21;2;E;R;J;6;E;;;;;
1;ZW3RTETF;24;1;13;2;A;R;N;6;A;;;;;
1;ZW3RTETF;24;1;20;2;D;R;J;7;D;;;;;
1;ZW3RTETF;24;1;22;2;A;V;J;6;A;;;;;
1;ZW3RTETF;24;1;16;2;A;V;N;5;A;;;;;
1;ZW3RTETF;24;1;15;2;E;R;N;7;E;;;;;
1;Y3L1UMY8;24;2;28;3;A;V;N;2;A;;;;;
1;Y3L1UMY8;24;2;29;3;D;V;N;4;D;;;;;
1;Y3L1UMY8;24;2;35;3;D;V;J;5;D;;;;;
1;Y3L1UMY8;24;2;27;3;E;R;N;7;E;;;;;
1;Y3L1UMY8;24;2;26;3;D;R;N;7;D;;;;;
1;Y3L1UMY8;24;2;36;3;E;V;J;6;E;;;;;
1;Y3L1UMY8;24;2;34;3;A;V;J;5;A;;;;;
1;Y3L1UMY8;24;2;32;3;D;R;J;7;D;;;;;
1;Y3L1UMY8;24;2;33;3;E;R;J;7;E;;;;;
1;Y3L1UMY8;24;2;30;3;E;V;N;7;E;;;;;
1;Y3L1UMY8;24;2;25;3;A;R;N;6;D;;;;;
1;Y3L1UMY8;24;2;31;3;A;R;J;6;D;;;;;
1;Y3L1UMY8;24;2;20;2;D;R;J;7;D;;;;;
1;Y3L1UMY8;24;2;16;2;A;V;N;5;A;;;;;
1;Y3L1UMY8;24;2;18;2;E;V;N;7;E;;;;;
1;Y3L1UMY8;24;2;17;2;D;V;N;6;D;;;;;
1;Y3L1UMY8;24;2;14;2;D;R;N;6;D;;;;;
1;Y3L1UMY8;24;2;24;2;E;V;J;7;E;;;;;
1;Y3L1UMY8;24;2;19;2;A;R;J;6;A;;;;;
1;Y3L1UMY8;24;2;13;2;A;R;N;5;A;;;;;
1;Y3L1UMY8;24;2;23;2;D;V;J;5;D;;;;;
1;Y3L1UMY8;24;2;21;2;E;R;J;6;E;;;;;
1;Y3L1UMY8;24;2;15;2;E;R;N;7;E;;;;;
1;Y3L1UMY8;24;2;22;2;A;V;J;5;A;;;;;
1;Y3L1UMY8;24;2;8;1;D;R;J;7;D;;;;;
1;Y3L1UMY8;24;2;12;1;E;V;J;5;E;;;;;
1;Y3L1UMY8;24;2;11;1;D;V;J;4;A;;;;;
1;Y3L1UMY8;24;2;1;1;A;R;N;7;A;;;;;
1;Y3L1UMY8;24;2;7;1;A;R;J;7;A;;;;;
1;Y3L1UMY8;24;2;3;1;E;R;N;6;E;;;;;
1;Y3L1UMY8;24;2;4;1;A;V;N;2;A;;;;;
1;Y3L1UMY8;24;2;5;1;D;V;N;4;D;;;;;
1;Y3L1UMY8;24;2;2;1;D;R;N;6;D;;;;;
1;Y3L1UMY8;24;2;6;1;E;V;N;5;E;;;;;
1;Y3L1UMY8;24;2;9;1;E;R;J;5;E;;;;;
1;Y3L1UMY8;24;2;10;1;A;V;J;4;A;;;;;
2;48L8EOZO;26;1;35;3;D;V;J;3;D;;;;;
2;48L8EOZO;26;1;26;3;D;R;N;7;D;;;;;
2;48L8EOZO;26;1;32;3;D;R;J;7;D;;;;;
2;48L8EOZO;26;1;27;3;E;R;N;6;E;;;;;
2;48L8EOZO;26;1;34;3;A;V;J;3;A;;;;;
2;48L8EOZO;26;1;30;3;E;V;N;5;E;;;;;
2;48L8EOZO;26;1;28;3;A;V;N;5;D;;;;;
2;48L8EOZO;26;1;31;3;A;R;J;5;D;;;;;
2;48L8EOZO;26;1;36;3;E;V;J;5;E;;;;;
2;48L8EOZO;26;1;33;3;E;R;J;7;E;;;;;
2;48L8EOZO;26;1;29;3;D;V;N;3;A;;;;;
2;48L8EOZO;26;1;25;3;A;R;N;6;D;;;;;
2;48L8EOZO;26;1;16;2;A;V;N;6;A;;;;;
2;48L8EOZO;26;1;15;2;E;R;N;7;E;;;;;
2;48L8EOZO;26;1;20;2;D;R;J;7;D;;;;;
2;48L8EOZO;26;1;22;2;A;V;J;7;D;;;;;
2;48L8EOZO;26;1;24;2;E;V;J;7;E;;;;;
2;48L8EOZO;26;1;14;2;D;R;N;6;D;;;;;
2;48L8EOZO;26;1;19;2;A;R;J;7;A;;;;;
2;48L8EOZO;26;1;18;2;E;V;N;6;E;;;;;
2;48L8EOZO;26;1;21;2;E;R;J;6;E;;;;;
2;48L8EOZO;26;1;17;2;D;V;N;5;D;;;;;
2;48L8EOZO;26;1;13;2;A;R;N;7;A;;;;;
2;48L8EOZO;26;1;23;2;D;V;J;6;D;;;;;
2;48L8EOZO;26;1;9;1;E;R;J;7;E;;;;;
2;48L8EOZO;26;1;2;1;D;R;N;7;A;;;;;
2;48L8EOZO;26;1;6;1;E;V;N;7;E;;;;;
2;48L8EOZO;26;1;3;1;E;R;N;7;E;;;;;
2;48L8EOZO;26;1;10;1;A;V;J;1;A;;;;;
2;48L8EOZO;26;1;1;1;A;R;N;7;A;;;;;
2;48L8EOZO;26;1;12;1;E;V;J;6;E;;;;;
2;48L8EOZO;26;1;7;1;A;R;J;6;A;;;;;
2;48L8EOZO;26;1;4;1;A;V;N;3;A;;;;;
2;48L8EOZO;26;1;5;1;D;V;N;5;D;;;;;
2;48L8EOZO;26;1;8;1;D;R;J;7;D;;;;;
2;48L8EOZO;26;1;11;1;D;V;J;4;D;;;;;
2;U6P71R5P;26;2;23;2;D;V;J;6;D;;;;;
2;U6P71R5P;26;2;18;2;E;V;N;7;E;;;;;
2;U6P71R5P;26;2;21;2;E;R;J;5;E;;;;;
2;U6P71R5P;26;2;19;2;A;R;J;6;A;;;;;
2;U6P71R5P;26;2;14;2;D;R;N;7;D;;;;;
2;U6P71R5P;26;2;16;2;A;V;N;5;A;;;;;
2;U6P71R5P;26;2;15;2;E;R;N;7;E;;;;;
2;U6P71R5P;26;2;24;2;E;V;J;7;E;;;;;
2;U6P71R5P;26;2;17;2;D;V;N;7;D;;;;;
2;U6P71R5P;26;2;13;2;A;R;N;7;A;;;;;
2;U6P71R5P;26;2;22;2;A;V;J;6;A;;;;;
2;U6P71R5P;26;2;20;2;D;R;J;6;D;;;;;
2;U6P71R5P;26;2;25;3;A;R;N;7;A;;;;;
2;U6P71R5P;26;2;34;3;A;V;J;5;A;;;;;
2;U6P71R5P;26;2;35;3;D;V;J;5;D;;;;;
2;U6P71R5P;26;2;30;3;E;V;N;7;E;;;;;
2;U6P71R5P;26;2;31;3;A;R;J;6;A;;;;;
2;U6P71R5P;26;2;26;3;D;R;N;7;E;;;;;
2;U6P71R5P;26;2;36;3;E;V;J;5;E;;;;;
2;U6P71R5P;26;2;27;3;E;R;N;6;A;;;;;
2;U6P71R5P;26;2;33;3;E;R;J;7;E;;;;;
2;U6P71R5P;26;2;32;3;D;R;J;7;D;;;;;
2;U6P71R5P;26;2;29;3;D;V;N;2;D;;;;;
2;U6P71R5P;26;2;28;3;A;V;N;1;A;;;;;
2;U6P71R5P;26;2;12;1;E;V;J;6;E;;;;;
2;U6P71R5P;26;2;4;1;A;V;N;6;A;;;;;
2;U6P71R5P;26;2;2;1;D;R;N;7;D;;;;;
2;U6P71R5P;26;2;1;1;A;R;N;7;A;;;;;
2;U6P71R5P;26;2;11;1;D;V;J;5;D;;;;;
2;U6P71R5P;26;2;8;1;D;R;J;7;D;;;;;
2;U6P71R5P;26;2;10;1;A;V;J;6;A;;;;;
2;U6P71R5P;26;2;7;1;A;R;J;6;A;;;;;
2;U6P71R5P;26;2;3;1;E;R;N;7;E;;;;;
2;U6P71R5P;26;2;6;1;E;V;N;5;D;;;;;
2;U6P71R5P;26;2;5;1;D;V;N;6;D;;;;;
2;U6P71R5P;26;2;9;1;E;R;J;7;E;;;;;
3;X77YE71Z;29;1;3;1;E;R;N;7;E;;;;; 
3;X77YE71Z;29;1;11;1;D;V;J;4;D;;;;;
3;X77YE71Z;29;1;1;1;A;R;N;6;A;;;;;
3;X77YE71Z;29;1;8;1;D;R;J;5;D;;;;;
3;X77YE71Z;29;1;4;1;A;V;N;6;A;;;;;
3;X77YE71Z;29;1;9;1;E;R;J;7;E;;;;;
3;X77YE71Z;29;1;7;1;A;R;J;5;A;;;;;
3;X77YE71Z;29;1;5;1;D;V;N;4;D;;;;;
3;X77YE71Z;29;1;6;1;E;V;N;5;E;;;;;
3;X77YE71Z;29;1;2;1;D;R;N;5;D;;;;;
3;X77YE71Z;29;1;10;1;A;V;J;5;A;;;;;
3;X77YE71Z;29;1;12;1;E;V;J;6;E;;;;;
3;X77YE71Z;29;1;27;3;E;R;N;7;E;;;;;
3;X77YE71Z;29;1;34;3;A;V;J;3;A;;;;;
3;X77YE71Z;29;1;28;3;A;V;N;2;A;;;;;
3;X77YE71Z;29;1;33;3;E;R;J;6;E;;;;;
3;X77YE71Z;29;1;25;3;A;R;N;7;D;;;;;
3;X77YE71Z;29;1;32;3;D;R;J;7;D;;;;;
3;X77YE71Z;29;1;36;3;E;V;J;3;E;;;;;
3;X77YE71Z;29;1;29;3;D;V;N;2;D;;;;;
3;X77YE71Z;29;1;30;3;E;V;N;4;E;;;;;
3;X77YE71Z;29;1;35;3;D;V;J;1;D;;;;;
3;X77YE71Z;29;1;31;3;A;R;J;5;A;;;;;
3;X77YE71Z;29;1;26;3;D;R;N;6;D;;;;;
3;X77YE71Z;29;1;15;2;E;R;N;5;E;;;;;
3;X77YE71Z;29;1;16;2;A;V;N;4;A;;;;;
3;X77YE71Z;29;1;20;2;D;R;J;6;D;;;;;
3;X77YE71Z;29;1;19;2;A;R;J;6;D;;;;;
3;X77YE71Z;29;1;17;2;D;V;N;5;D;;;;;
3;X77YE71Z;29;1;21;2;E;R;J;7;E;;;;;
3;X77YE71Z;29;1;23;2;D;V;J;4;D;;;;;
3;X77YE71Z;29;1;24;2;E;V;J;6;E;;;;;
3;X77YE71Z;29;1;13;2;A;R;N;6;A;;;;;
3;X77YE71Z;29;1;18;2;E;V;N;5;E;;;;;
3;X77YE71Z;29;1;22;2;A;V;J;6;A;;;;;
3;X77YE71Z;29;1;14;2;D;R;N;6;D;;;;;
3;3X7UJI3X;29;2;36;3;E;V;J;4;E;;;;;
3;3X7UJI3X;29;2;30;3;E;V;N;4;E;;;;;
3;3X7UJI3X;29;2;32;3;D;R;J;5;D;;;;;
3;3X7UJI3X;29;2;27;3;E;R;N;4;E;;;;;
3;3X7UJI3X;29;2;26;3;D;R;N;4;D;;;;;
3;3X7UJI3X;29;2;31;3;A;R;J;6;A;;;;;
3;3X7UJI3X;29;2;29;3;D;V;N;6;D;;;;;
3;3X7UJI3X;29;2;33;3;E;R;J;7;E;;;;;
3;3X7UJI3X;29;2;35;3;D;V;J;3;D;;;;;
3;3X7UJI3X;29;2;25;3;A;R;N;4;A;;;;;
3;3X7UJI3X;29;2;28;3;A;V;N;6;A;;;;;
3;3X7UJI3X;29;2;34;3;A;V;J;6;A;;;;;
3;3X7UJI3X;29;2;14;2;D;R;N;6;D;;;;;
3;3X7UJI3X;29;2;15;2;E;R;N;6;E;;;;;
3;3X7UJI3X;29;2;13;2;A;R;N;6;A;;;;;
3;3X7UJI3X;29;2;18;2;E;V;N;7;E;;;;;
3;3X7UJI3X;29;2;20;2;D;R;J;5;D;;;;;
3;3X7UJI3X;29;2;19;2;A;R;J;6;A;;;;;
3;3X7UJI3X;29;2;22;2;A;V;J;3;A;;;;;
3;3X7UJI3X;29;2;17;2;D;V;N;4;D;;;;;
3;3X7UJI3X;29;2;21;2;E;R;J;6;E;;;;;
3;3X7UJI3X;29;2;16;2;A;V;N;6;A;;;;;
3;3X7UJI3X;29;2;23;2;D;V;J;6;D;;;;;
3;3X7UJI3X;29;2;24;2;E;V;J;6;E;;;;;
3;3X7UJI3X;29;2;9;1;E;R;J;6;E;;;;;
3;3X7UJI3X;29;2;1;1;A;R;N;6;A;;;;;
3;3X7UJI3X;29;2;11;1;D;V;J;5;D;;;;;
3;3X7UJI3X;29;2;4;1;A;V;N;4;A;;;;;
3;3X7UJI3X;29;2;8;1;D;R;J;5;D;;;;;
3;3X7UJI3X;29;2;7;1;A;R;J;5;A;;;;;
3;3X7UJI3X;29;2;5;1;D;V;N;5;D;;;;;
3;3X7UJI3X;29;2;12;1;E;V;J;6;E;;;;;
3;3X7UJI3X;29;2;3;1;E;R;N;7;E;;;;;
3;3X7UJI3X;29;2;2;1;D;R;N;6;D;;;;;
3;3X7UJI3X;29;2;6;1;E;V;N;6;E;;;;;
3;3X7UJI3X;29;2;10;1;A;V;J;3;A;;;;;
4;5JWHM4CM;27;1;5;1;D;V;N;5;D;;;;;
4;5JWHM4CM;27;1;12;1;E;V;J;5;E;;;;;
4;5JWHM4CM;27;1;6;1;E;V;N;5;E;;;;;
4;5JWHM4CM;27;1;8;1;D;R;J;5;D;;;;;
4;5JWHM4CM;27;1;2;1;D;R;N;5;D;;;;;
4;5JWHM4CM;27;1;4;1;A;V;N;3;A;;;;;
4;5JWHM4CM;27;1;1;1;A;R;N;5;A;;;;;
4;5JWHM4CM;27;1;9;1;E;R;J;6;E;;;;;
4;5JWHM4CM;27;1;10;1;A;V;J;3;A;;;;;
4;5JWHM4CM;27;1;11;1;D;V;J;4;D;;;;;
4;5JWHM4CM;27;1;3;1;E;R;N;6;E;;;;;
4;5JWHM4CM;27;1;7;1;A;R;J;5;A;;;;;
4;5JWHM4CM;27;1;18;2;E;V;N;6;E;;;;;
4;5JWHM4CM;27;1;21;2;E;R;J;5;E;;;;;
4;5JWHM4CM;27;1;19;2;A;R;J;6;A;;;;;
4;5JWHM4CM;27;1;13;2;A;R;N;6;A;;;;;
4;5JWHM4CM;27;1;17;2;D;V;N;3;D;;;;;
4;5JWHM4CM;27;1;14;2;D;R;N;5;D;;;;;
4;5JWHM4CM;27;1;23;2;D;V;J;4;D;;;;;
4;5JWHM4CM;27;1;15;2;E;R;N;5;E;;;;;
4;5JWHM4CM;27;1;16;2;A;V;N;6;A;;;;;
4;5JWHM4CM;27;1;24;2;E;V;J;6;E;;;;;
4;5JWHM4CM;27;1;20;2;D;R;J;5;D;;;;;
4;5JWHM4CM;27;1;22;2;A;V;J;4;A;;;;;
4;5JWHM4CM;27;1;35;3;D;V;J;4;D;;;;;
4;5JWHM4CM;27;1;32;3;D;R;J;6;D;;;;;
4;5JWHM4CM;27;1;25;3;A;R;N;4;A;;;;;
4;5JWHM4CM;27;1;34;3;A;V;J;6;A;;;;;
4;5JWHM4CM;27;1;33;3;E;R;J;7;E;;;;;
4;5JWHM4CM;27;1;29;3;D;V;N;7;D;;;;;
4;5JWHM4CM;27;1;31;3;A;R;J;6;A;;;;;
4;5JWHM4CM;27;1;36;3;E;V;J;7;E;;;;;
4;5JWHM4CM;27;1;30;3;E;V;N;7;E;;;;;
4;5JWHM4CM;27;1;28;3;A;V;N;3;A;;;;;
4;5JWHM4CM;27;1;27;3;E;R;N;5;E;;;;;
4;5JWHM4CM;27;1;26;3;D;R;N;4;D;;;;;
4;9457CY49;27;2;6;1;E;V;N;5;E;;;;;
4;9457CY49;27;2;3;1;E;R;N;7;E;;;;;
4;9457CY49;27;2;11;1;D;V;J;5;D;;;;;
4;9457CY49;27;2;10;1;A;V;J;6;A;;;;;
4;9457CY49;27;2;12;1;E;V;J;7;E;;;;;
4;9457CY49;27;2;2;1;D;R;N;4;D;;;;;
4;9457CY49;27;2;7;1;A;R;J;4;A;;;;;
4;9457CY49;27;2;8;1;D;R;J;6;D;;;;;
4;9457CY49;27;2;9;1;E;R;J;5;E;;;;;
4;9457CY49;27;2;4;1;A;V;N;6;A;;;;;
4;9457CY49;27;2;1;1;A;R;N;5;A;;;;;
4;9457CY49;27;2;5;1;D;V;N;6;D;;;;;
4;9457CY49;27;2;27;3;E;R;N;3;E;;;;;
4;9457CY49;27;2;28;3;A;V;N;6;A;;;;;
4;9457CY49;27;2;25;3;A;R;N;3;A;;;;;
4;9457CY49;27;2;31;3;A;R;J;5;A;;;;;
4;9457CY49;27;2;29;3;D;V;N;5;D;;;;;
4;9457CY49;27;2;32;3;D;R;J;7;D;;;;;
4;9457CY49;27;2;33;3;E;R;J;7;E;;;;;
4;9457CY49;27;2;36;3;E;V;J;7;E;;;;;
4;9457CY49;27;2;30;3;E;V;N;5;E;;;;;
4;9457CY49;27;2;26;3;D;R;N;3;D;;;;;
4;9457CY49;27;2;35;3;D;V;J;5;D;;;;;
4;9457CY49;27;2;34;3;A;V;J;6;A;;;;;
4;9457CY49;27;2;16;2;A;V;N;6;A;;;;;
4;9457CY49;27;2;19;2;A;R;J;7;A;;;;;
4;9457CY49;27;2;23;2;D;V;J;6;D;;;;;
4;9457CY49;27;2;13;2;A;R;N;5;A;;;;;
4;9457CY49;27;2;14;2;D;R;N;3;D;;;;;
4;9457CY49;27;2;22;2;A;V;J;5;A;;;;;
4;9457CY49;27;2;24;2;E;V;J;6;E;;;;;
4;9457CY49;27;2;15;2;E;R;N;4;E;;;;;
4;9457CY49;27;2;18;2;E;V;N;5;E;;;;;
4;9457CY49;27;2;17;2;D;V;N;7;D;;;;;
4;9457CY49;27;2;21;2;E;R;J;5;E;;;;;
4;9457CY49;27;2;20;2;D;R;J;3;D;;;;;
5;98G28JU2;24;1;7;1;A;R;J;6;A;;;;;
5;98G28JU2;24;1;5;1;D;V;N;5;D;;;;;
5;98G28JU2;24;1;3;1;E;R;N;7;E;;;;;
5;98G28JU2;24;1;11;1;D;V;J;4;D;;;;;
5;98G28JU2;24;1;8;1;D;R;J;7;D;;;;;
5;98G28JU2;24;1;12;1;E;V;J;7;E;;;;;
5;98G28JU2;24;1;4;1;A;V;N;6;A;;;;;
5;98G28JU2;24;1;10;1;A;V;J;7;A;;;;;
5;98G28JU2;24;1;1;1;A;R;N;5;A;;;;;
5;98G28JU2;24;1;6;1;E;V;N;7;E;;;;;
5;98G28JU2;24;1;2;1;D;R;N;6;D;;;;;
5;98G28JU2;24;1;9;1;E;R;J;7;E;;;;;
5;98G28JU2;24;1;17;2;D;V;N;6;D;;;;;
5;98G28JU2;24;1;24;2;E;V;J;6;E;;;;;
5;98G28JU2;24;1;14;2;D;R;N;4;D;;;;;
5;98G28JU2;24;1;19;2;A;R;J;7;A;;;;;
5;98G28JU2;24;1;22;2;A;V;J;6;A;;;;;
5;98G28JU2;24;1;21;2;E;R;J;6;E;;;;;
5;98G28JU2;24;1;13;2;A;R;N;7;A;;;;;
5;98G28JU2;24;1;20;2;D;R;J;5;D;;;;;
5;98G28JU2;24;1;16;2;A;V;N;6;A;;;;;
5;98G28JU2;24;1;18;2;E;V;N;7;E;;;;;
5;98G28JU2;24;1;15;2;E;R;N;6;E;;;;;
5;98G28JU2;24;1;23;2;D;V;J;6;D;;;;;
5;98G28JU2;24;1;34;3;A;V;J;5;A;;;;;
5;98G28JU2;24;1;31;3;A;R;J;4;A;;;;;
5;98G28JU2;24;1;33;3;E;R;J;5;E;;;;;
5;98G28JU2;24;1;27;3;E;R;N;3;E;;;;;
5;98G28JU2;24;1;28;3;A;V;N;3;A;;;;;
5;98G28JU2;24;1;26;3;D;R;N;1;D;;;;;
5;98G28JU2;24;1;35;3;D;V;J;5;D;;;;;
5;98G28JU2;24;1;29;3;D;V;N;5;D;;;;;
5;98G28JU2;24;1;36;3;E;V;J;5;E;;;;;
5;98G28JU2;24;1;30;3;E;V;N;5;E;;;;;
5;98G28JU2;24;1;25;3;A;R;N;2;A;;;;;
5;98G28JU2;24;1;32;3;D;R;J;4;D;;;;;
5;RQWP5K9G;24;2;19;2;A;R;J;7;A;;;;;
5;RQWP5K9G;24;2;18;2;E;V;N;5;E;;;;;
5;RQWP5K9G;24;2;24;2;E;V;J;5;E;;;;;
5;RQWP5K9G;24;2;23;2;D;V;J;6;D;;;;;
5;RQWP5K9G;24;2;14;2;D;R;N;4;D;;;;;
5;RQWP5K9G;24;2;15;2;E;R;N;4;E;;;;;
5;RQWP5K9G;24;2;16;2;A;V;N;6;A;;;;;
5;RQWP5K9G;24;2;20;2;D;R;J;3;D;;;;;
5;RQWP5K9G;24;2;21;2;E;R;J;4;E;;;;;
5;RQWP5K9G;24;2;17;2;D;V;N;6;D;;;;;
5;RQWP5K9G;24;2;22;2;A;V;J;6;A;;;;;
5;RQWP5K9G;24;2;13;2;A;R;N;5;A;;;;;
5;RQWP5K9G;24;2;2;1;D;R;N;7;D;;;;;
5;RQWP5K9G;24;2;10;1;A;V;J;5;A;;;;;
5;RQWP5K9G;24;2;8;1;D;R;J;7;D;;;;;
5;RQWP5K9G;24;2;1;1;A;R;N;6;A;;;;;
5;RQWP5K9G;24;2;5;1;D;V;N;6;D;;;;;
5;RQWP5K9G;24;2;9;1;E;R;J;6;E;;;;;
5;RQWP5K9G;24;2;4;1;A;V;N;5;A;;;;;
5;RQWP5K9G;24;2;12;1;E;V;J;7;E;;;;;
5;RQWP5K9G;24;2;7;1;A;R;J;6;A;;;;;
5;RQWP5K9G;24;2;3;1;E;R;N;6;E;;;;;
5;RQWP5K9G;24;2;11;1;D;V;J;6;D;;;;;
5;RQWP5K9G;24;2;6;1;E;V;N;6;E;;;;;
5;RQWP5K9G;24;2;30;3;E;V;N;3;E;;;;;
5;RQWP5K9G;24;2;29;3;D;V;N;5;D;;;;;
5;RQWP5K9G;24;2;28;3;A;V;N;5;A;;;;;
5;RQWP5K9G;24;2;27;3;E;R;N;3;E;;;;;
5;RQWP5K9G;24;2;33;3;E;R;J;6;E;;;;;
5;RQWP5K9G;24;2;31;3;A;R;J;5;A;;;;;
5;RQWP5K9G;24;2;32;3;D;R;J;5;D;;;;;
5;RQWP5K9G;24;2;34;3;A;V;J;4;A;;;;;
5;RQWP5K9G;24;2;25;3;A;R;N;1;A;;;;;
5;RQWP5K9G;24;2;35;3;D;V;J;4;D;;;;;
5;RQWP5K9G;24;2;36;3;E;V;J;5;E;;;;;
5;RQWP5K9G;24;2;26;3;D;R;N;1;D;;;;;
6;4U00BLDU;23;1;22;2;A;V;J;7;A;;;;;
6;4U00BLDU;23;1;23;2;D;V;J;7;D;;;;;
6;4U00BLDU;23;1;17;2;D;V;N;6;D;;;;;
6;4U00BLDU;23;1;14;2;D;R;N;4;D;;;;;
6;4U00BLDU;23;1;19;2;A;R;J;7;A;;;;;
6;4U00BLDU;23;1;15;2;E;R;N;6;E;;;;;
6;4U00BLDU;23;1;20;2;D;R;J;5;D;;;;;
6;4U00BLDU;23;1;13;2;A;R;N;5;A;;;;;
6;4U00BLDU;23;1;24;2;E;V;J;6;E;;;;;
6;4U00BLDU;23;1;16;2;A;V;N;7;A;;;;;
6;4U00BLDU;23;1;21;2;E;R;J;7;E;;;;;
6;4U00BLDU;23;1;18;2;E;V;N;6;E;;;;;
6;4U00BLDU;23;1;36;3;E;V;J;5;E;;;;;
6;4U00BLDU;23;1;33;3;E;R;J;7;E;;;;;
6;4U00BLDU;23;1;34;3;A;V;J;5;A;;;;;
6;4U00BLDU;23;1;31;3;A;R;J;3;A;;;;;
6;4U00BLDU;23;1;28;3;A;V;N;2;A;;;;;
6;4U00BLDU;23;1;32;3;D;R;J;5;D;;;;;
6;4U00BLDU;23;1;25;3;A;R;N;1;A;;;;;
6;4U00BLDU;23;1;35;3;D;V;J;2;D;;;;;
6;4U00BLDU;23;1;27;3;E;R;N;3;E;;;;;
6;4U00BLDU;23;1;30;3;E;V;N;5;E;;;;;
6;4U00BLDU;23;1;26;3;D;R;N;2;D;;;;;
6;4U00BLDU;23;1;29;3;D;V;N;4;D;;;;;
6;4U00BLDU;23;1;1;1;A;R;N;7;A;;;;;
6;4U00BLDU;23;1;7;1;A;R;J;7;A;;;;;
6;4U00BLDU;23;1;11;1;D;V;J;4;D;;;;;
6;4U00BLDU;23;1;9;1;E;R;J;6;E;;;;;
6;4U00BLDU;23;1;8;1;D;R;J;7;D;;;;;
6;4U00BLDU;23;1;6;1;E;V;N;7;E;;;;;
6;4U00BLDU;23;1;10;1;A;V;J;6;A;;;;;
6;4U00BLDU;23;1;2;1;D;R;N;6;D;;;;;
6;4U00BLDU;23;1;12;1;E;V;J;7;E;;;;;
6;4U00BLDU;23;1;5;1;D;V;N;7;D;;;;;
6;4U00BLDU;23;1;4;1;A;V;N;7;A;;;;;
6;4U00BLDU;23;1;3;1;E;R;N;7;E;;;;;
6;X3C0U9MK;23;2;14;2;D;R;N;5;D;;;;;
6;X3C0U9MK;23;2;19;2;A;R;J;6;A;;;;;
6;X3C0U9MK;23;2;22;2;A;V;J;6;A;;;;;
6;X3C0U9MK;23;2;13;2;A;R;N;5;A;;;;;
6;X3C0U9MK;23;2;15;2;E;R;N;5;E;;;;;
6;X3C0U9MK;23;2;17;2;D;V;N;4;D;;;;;
6;X3C0U9MK;23;2;23;2;D;V;J;5;D;;;;;
6;X3C0U9MK;23;2;21;2;E;R;J;7;E;;;;;
6;X3C0U9MK;23;2;18;2;E;V;N;6;E;;;;;
6;X3C0U9MK;23;2;20;2;D;R;J;7;D;;;;;
6;X3C0U9MK;23;2;16;2;A;V;N;5;A;;;;;
6;X3C0U9MK;23;2;24;2;E;V;J;5;E;;;;;
6;X3C0U9MK;23;2;3;1;E;R;N;6;E;;;;;
6;X3C0U9MK;23;2;6;1;E;V;N;7;E;;;;;
6;X3C0U9MK;23;2;5;1;D;V;N;3;D;;;;;
6;X3C0U9MK;23;2;12;1;E;V;J;6;E;;;;;
6;X3C0U9MK;23;2;8;1;D;R;J;7;D;;;;;
6;X3C0U9MK;23;2;7;1;A;R;J;6;A;;;;;
6;X3C0U9MK;23;2;1;1;A;R;N;5;A;;;;;
6;X3C0U9MK;23;2;10;1;A;V;J;6;A;;;;;
6;X3C0U9MK;23;2;9;1;E;R;J;7;E;;;;;
6;X3C0U9MK;23;2;4;1;A;V;N;6;A;;;;;
6;X3C0U9MK;23;2;11;1;D;V;J;6;D;;;;;
6;X3C0U9MK;23;2;2;1;D;R;N;6;D;;;;;
6;X3C0U9MK;23;2;30;3;E;V;N;5;E;;;;;
6;X3C0U9MK;23;2;34;3;A;V;J;5;A;;;;;
6;X3C0U9MK;23;2;36;3;E;V;J;4;E;;;;;
6;X3C0U9MK;23;2;32;3;D;R;J;5;D;;;;;
6;X3C0U9MK;23;2;35;3;D;V;J;5;D;;;;;
6;X3C0U9MK;23;2;31;3;A;R;J;4;A;;;;;
6;X3C0U9MK;23;2;29;3;D;V;N;3;D;;;;;
6;X3C0U9MK;23;2;27;3;E;R;N;3;E;;;;;
6;X3C0U9MK;23;2;28;3;A;V;N;4;A;;;;;
6;X3C0U9MK;23;2;26;3;D;R;N;3;D;;;;;
6;X3C0U9MK;23;2;25;3;A;R;N;3;A;;;;;
6;X3C0U9MK;23;2;33;3;E;R;J;5;E;;;;;
7;Z9B30K0H;25;1;35;3;D;V;J;5;D;;;;;
7;Z9B30K0H;25;1;31;3;A;R;J;5;A;;;;;
7;Z9B30K0H;25;1;25;3;A;R;N;4;A;;;;;
7;Z9B30K0H;25;1;30;3;E;V;N;4;E;;;;;
7;Z9B30K0H;25;1;27;3;E;R;N;3;E;;;;;
7;Z9B30K0H;25;1;33;3;E;R;J;5;E;;;;;
7;Z9B30K0H;25;1;32;3;D;R;J;4;D;;;;;
7;Z9B30K0H;25;1;36;3;E;V;J;5;E;;;;;
7;Z9B30K0H;25;1;26;3;D;R;N;3;D;;;;;
7;Z9B30K0H;25;1;29;3;D;V;N;1;D;;;;;
7;Z9B30K0H;25;1;28;3;A;V;N;1;A;;;;;
7;Z9B30K0H;25;1;34;3;A;V;J;3;A;;;;;
7;Z9B30K0H;25;1;23;2;D;V;J;5;D;;;;;
7;Z9B30K0H;25;1;21;2;E;R;J;4;E;;;;;
7;Z9B30K0H;25;1;16;2;A;V;N;3;A;;;;;
7;Z9B30K0H;25;1;15;2;E;R;N;4;E;;;;;
7;Z9B30K0H;25;1;24;2;E;V;J;5;E;;;;;
7;Z9B30K0H;25;1;19;2;A;R;J;3;A;;;;;
7;Z9B30K0H;25;1;20;2;D;R;J;5;D;;;;;
7;Z9B30K0H;25;1;18;2;E;V;N;5;E;;;;;
7;Z9B30K0H;25;1;14;2;D;R;N;3;D;;;;;
7;Z9B30K0H;25;1;17;2;D;V;N;4;D;;;;;
7;Z9B30K0H;25;1;22;2;A;V;J;4;A;;;;;
7;Z9B30K0H;25;1;13;2;A;R;N;4;A;;;;;
7;Z9B30K0H;25;1;6;1;E;V;N;6;E;;;;;
7;Z9B30K0H;25;1;8;1;D;R;J;6;D;;;;;
7;Z9B30K0H;25;1;11;1;D;V;J;4;D;;;;;
7;Z9B30K0H;25;1;12;1;E;V;J;6;E;;;;;
7;Z9B30K0H;25;1;9;1;E;R;J;5;E;;;;;
7;Z9B30K0H;25;1;1;1;A;R;N;5;A;;;;;
7;Z9B30K0H;25;1;2;1;D;R;N;6;D;;;;;
7;Z9B30K0H;25;1;3;1;E;R;N;6;E;;;;;
7;Z9B30K0H;25;1;5;1;D;V;N;3;D;;;;;
7;Z9B30K0H;25;1;7;1;A;R;J;5;A;;;;;
7;Z9B30K0H;25;1;4;1;A;V;N;3;A;;;;;
7;Z9B30K0H;25;1;10;1;A;V;J;4;A;;;;;
7;B1XPEMZ8;25;2;13;2;A;R;N;4;A;;;;;
7;B1XPEMZ8;25;2;18;2;E;V;N;5;E;;;;;
7;B1XPEMZ8;25;2;19;2;A;R;J;6;A;;;;;
7;B1XPEMZ8;25;2;21;2;E;R;J;6;E;;;;;
7;B1XPEMZ8;25;2;20;2;D;R;J;5;D;;;;;
7;B1XPEMZ8;25;2;22;2;A;V;J;3;A;;;;;
7;B1XPEMZ8;25;2;15;2;E;R;N;4;E;;;;;
7;B1XPEMZ8;25;2;14;2;D;R;N;4;D;;;;;
7;B1XPEMZ8;25;2;17;2;D;V;N;5;D;;;;;
7;B1XPEMZ8;25;2;23;2;D;V;J;5;D;;;;;
7;B1XPEMZ8;25;2;16;2;A;V;N;4;A;;;;;
7;B1XPEMZ8;25;2;24;2;E;V;J;6;E;;;;;
7;B1XPEMZ8;25;2;1;1;A;R;N;4;A;;;;;
7;B1XPEMZ8;25;2;12;1;E;V;J;3;E;;;;;
7;B1XPEMZ8;25;2;10;1;A;V;J;3;A;;;;;
7;B1XPEMZ8;25;2;3;1;E;R;N;5;E;;;;;
7;B1XPEMZ8;25;2;4;1;A;V;N;3;A;;;;;
7;B1XPEMZ8;25;2;11;1;D;V;J;4;D;;;;;
7;B1XPEMZ8;25;2;7;1;A;R;J;6;A;;;;;
7;B1XPEMZ8;25;2;6;1;E;V;N;5;E;;;;;
7;B1XPEMZ8;25;2;9;1;E;R;J;6;E;;;;;
7;B1XPEMZ8;25;2;5;1;D;V;N;4;D;;;;;
7;B1XPEMZ8;25;2;2;1;D;R;N;5;D;;;;;
7;B1XPEMZ8;25;2;8;1;D;R;J;5;D;;;;;
7;B1XPEMZ8;25;2;32;3;D;R;J;5;D;;;;;
7;B1XPEMZ8;25;2;34;3;A;V;J;3;A;;;;;
7;B1XPEMZ8;25;2;33;3;E;R;J;5;E;;;;;
7;B1XPEMZ8;25;2;31;3;A;R;J;5;A;;;;;
7;B1XPEMZ8;25;2;36;3;E;V;J;4;E;;;;;
7;B1XPEMZ8;25;2;27;3;E;R;N;6;E;;;;;
7;B1XPEMZ8;25;2;30;3;E;V;N;4;E;;;;;
7;B1XPEMZ8;25;2;26;3;D;R;N;5;D;;;;;
7;B1XPEMZ8;25;2;25;3;A;R;N;5;D;;;;;
7;B1XPEMZ8;25;2;29;3;D;V;N;2;D;;;;;
7;B1XPEMZ8;25;2;28;3;A;V;N;3;A;;;;;
7;B1XPEMZ8;25;2;35;3;D;V;J;3;D;;;;;
8;Z5EYDGSJ;22;1;34;3;A;V;J;3;A;;;;;
8;Z5EYDGSJ;22;1;29;3;D;V;N;2;D;;;;;
8;Z5EYDGSJ;22;1;36;3;E;V;J;5;E;;;;;
8;Z5EYDGSJ;22;1;27;3;E;R;N;6;E;;;;;
8;Z5EYDGSJ;22;1;35;3;D;V;J;2;D;;;;;
8;Z5EYDGSJ;22;1;30;3;E;V;N;3;E;;;;;
8;Z5EYDGSJ;22;1;26;3;D;R;N;6;D;;;;;
8;Z5EYDGSJ;22;1;25;3;A;R;N;6;A;;;;;
8;Z5EYDGSJ;22;1;33;3;E;R;J;2;E;;;;;
8;Z5EYDGSJ;22;1;28;3;A;V;N;4;A;;;;;
8;Z5EYDGSJ;22;1;31;3;A;R;J;5;A;;;;;
8;Z5EYDGSJ;22;1;32;3;D;R;J;7;D;;;;;
8;Z5EYDGSJ;22;1;21;2;E;R;J;4;E;;;;;
8;Z5EYDGSJ;22;1;23;2;D;V;J;4;D;;;;;
8;Z5EYDGSJ;22;1;13;2;A;R;N;3;A;;;;;
8;Z5EYDGSJ;22;1;16;2;A;V;N;3;A;;;;;
8;Z5EYDGSJ;22;1;20;2;D;R;J;4;D;;;;;
8;Z5EYDGSJ;22;1;14;2;D;R;N;4;D;;;;;
8;Z5EYDGSJ;22;1;24;2;E;V;J;5;E;;;;;
8;Z5EYDGSJ;22;1;19;2;A;R;J;3;A;;;;;
8;Z5EYDGSJ;22;1;17;2;D;V;N;4;D;;;;;
8;Z5EYDGSJ;22;1;15;2;E;R;N;5;E;;;;;
8;Z5EYDGSJ;22;1;22;2;A;V;J;2;A;;;;;
8;Z5EYDGSJ;22;1;18;2;E;V;N;4;E;;;;;
8;Z5EYDGSJ;22;1;11;1;D;V;J;2;D;;;;;
8;Z5EYDGSJ;22;1;1;1;A;R;N;5;A;;;;;
8;Z5EYDGSJ;22;1;4;1;A;V;N;2;A;;;;;
8;Z5EYDGSJ;22;1;2;1;D;R;N;4;D;;;;;
8;Z5EYDGSJ;22;1;5;1;D;V;N;1;D;;;;;
8;Z5EYDGSJ;22;1;10;1;A;V;J;1;A;;;;;
8;Z5EYDGSJ;22;1;12;1;E;V;J;4;E;;;;;
8;Z5EYDGSJ;22;1;8;1;D;R;J;4;D;;;;;
8;Z5EYDGSJ;22;1;7;1;A;R;J;5;A;;;;;
8;Z5EYDGSJ;22;1;9;1;E;R;J;7;E;;;;;
8;Z5EYDGSJ;22;1;6;1;E;V;N;3;E;;;;;
8;Z5EYDGSJ;22;1;3;1;E;R;N;6;E;;;;;
8;JO62QBG7;22;2;13;2;A;R;N;3;A;;;;;
8;JO62QBG7;22;2;24;2;E;V;J;4;E;;;;;
8;JO62QBG7;22;2;17;2;D;V;N;5;D;;;;;
8;JO62QBG7;22;2;22;2;A;V;J;6;A;;;;;
8;JO62QBG7;22;2;14;2;D;R;N;5;D;;;;;
8;JO62QBG7;22;2;19;2;A;R;J;4;A;;;;;
8;JO62QBG7;22;2;16;2;A;V;N;2;A;;;;;
8;JO62QBG7;22;2;15;2;E;R;N;4;E;;;;;
8;JO62QBG7;22;2;20;2;D;R;J;6;D;;;;;
8;JO62QBG7;22;2;21;2;E;R;J;6;E;;;;;
8;JO62QBG7;22;2;23;2;D;V;J;4;D;;;;;
8;JO62QBG7;22;2;18;2;E;V;N;7;E;;;;;
8;JO62QBG7;22;2;5;1;D;V;N;4;D;;;;;
8;JO62QBG7;22;2;1;1;A;R;N;6;A;;;;;
8;JO62QBG7;22;2;10;1;A;V;J;2;A;;;;;
8;JO62QBG7;22;2;4;1;A;V;N;1;A;;;;;
8;JO62QBG7;22;2;8;1;D;R;J;6;D;;;;;
8;JO62QBG7;22;2;12;1;E;V;J;6;E;;;;;
8;JO62QBG7;22;2;9;1;E;R;J;7;E;;;;;
8;JO62QBG7;22;2;6;1;E;V;N;7;E;;;;;
8;JO62QBG7;22;2;2;1;D;R;N;5;D;;;;;
8;JO62QBG7;22;2;3;1;E;R;N;6;E;;;;;
8;JO62QBG7;22;2;11;1;D;V;J;5;D;;;;;
8;JO62QBG7;22;2;7;1;A;R;J;6;A;;;;;
8;JO62QBG7;22;2;32;3;D;R;J;3;D;;;;;
8;JO62QBG7;22;2;31;3;A;R;J;3;A;;;;;
8;JO62QBG7;22;2;29;3;D;V;N;2;D;;;;;
8;JO62QBG7;22;2;36;3;E;V;J;5;E;;;;;
8;JO62QBG7;22;2;33;3;E;R;J;4;E;;;;;
8;JO62QBG7;22;2;30;3;E;V;N;4;E;;;;;
8;JO62QBG7;22;2;35;3;D;V;J;1;D;;;;;
8;JO62QBG7;22;2;26;3;D;R;N;4;D;;;;;
8;JO62QBG7;22;2;34;3;A;V;J;2;A;;;;;
8;JO62QBG7;22;2;28;3;A;V;N;1;A;;;;;
8;JO62QBG7;22;2;27;3;E;R;N;6;E;;;;;
8;JO62QBG7;22;2;25;3;A;R;N;4;A;;;;;
9;GNYNZBW5;31;1;28;3;A;V;N;2;A;;;;;
9;GNYNZBW5;31;1;31;3;A;R;J;4;A;;;;;
9;GNYNZBW5;31;1;26;3;D;R;N;3;D;;;;;
9;GNYNZBW5;31;1;27;3;E;R;N;3;E;;;;;
9;GNYNZBW5;31;1;30;3;E;V;N;4;E;;;;;
9;GNYNZBW5;31;1;33;3;E;R;J;6;E;;;;;
9;GNYNZBW5;31;1;25;3;A;R;N;1;A;;;;;
9;GNYNZBW5;31;1;36;3;E;V;J;3;E;;;;;
9;GNYNZBW5;31;1;35;3;D;V;J;2;D;;;;;
9;GNYNZBW5;31;1;29;3;D;V;N;1;D;;;;;
9;GNYNZBW5;31;1;34;3;A;V;J;3;A;;;;;
9;GNYNZBW5;31;1;32;3;D;R;J;5;D;;;;;
9;GNYNZBW5;31;1;10;1;A;V;J;3;A;;;;;
9;GNYNZBW5;31;1;1;1;A;R;N;4;A;;;;;
9;GNYNZBW5;31;1;11;1;D;V;J;3;D;;;;;
9;GNYNZBW5;31;1;7;1;A;R;J;5;A;;;;;
9;GNYNZBW5;31;1;5;1;D;V;N;1;D;;;;;
9;GNYNZBW5;31;1;12;1;E;V;J;1;E;;;;;
9;GNYNZBW5;31;1;8;1;D;R;J;3;D;;;;;
9;GNYNZBW5;31;1;2;1;D;R;N;3;D;;;;;
9;GNYNZBW5;31;1;3;1;E;R;N;5;E;;;;;
9;GNYNZBW5;31;1;9;1;E;R;J;5;E;;;;;
9;GNYNZBW5;31;1;4;1;A;V;N;2;A;;;;;
9;GNYNZBW5;31;1;6;1;E;V;N;4;E;;;;;
9;GNYNZBW5;31;1;14;2;D;R;N;4;D;;;;;
9;GNYNZBW5;31;1;19;2;A;R;J;3;A;;;;;
9;GNYNZBW5;31;1;13;2;A;R;N;2;A;;;;;
9;GNYNZBW5;31;1;23;2;D;V;J;3;D;;;;;
9;GNYNZBW5;31;1;20;2;D;R;J;5;D;;;;;
9;GNYNZBW5;31;1;24;2;E;V;J;5;E;;;;;
9;GNYNZBW5;31;1;18;2;E;V;N;5;E;;;;;
9;GNYNZBW5;31;1;15;2;E;R;N;3;E;;;;;
9;GNYNZBW5;31;1;21;2;E;R;J;3;E;;;;;
9;GNYNZBW5;31;1;22;2;A;V;J;2;A;;;;;
9;GNYNZBW5;31;1;16;2;A;V;N;2;A;;;;;
9;GNYNZBW5;31;1;17;2;D;V;N;2;D;;;;;
9;N1B87SJ1;31;2;35;3;D;V;J;2;D;;;;;
9;N1B87SJ1;31;2;27;3;E;R;N;4;E;;;;;
9;N1B87SJ1;31;2;26;3;D;R;N;4;D;;;;;
9;N1B87SJ1;31;2;30;3;E;V;N;2;E;;;;;
9;N1B87SJ1;31;2;25;3;A;R;N;4;A;;;;;
9;N1B87SJ1;31;2;28;3;A;V;N;1;A;;;;;
9;N1B87SJ1;31;2;29;3;D;V;N;1;D;;;;;
9;N1B87SJ1;31;2;34;3;A;V;J;2;A;;;;;
9;N1B87SJ1;31;2;36;3;E;V;J;6;E;;;;;
9;N1B87SJ1;31;2;32;3;D;R;J;5;D;;;;;
9;N1B87SJ1;31;2;31;3;A;R;J;6;A;;;;;
9;N1B87SJ1;31;2;33;3;E;R;J;5;E;;;;;
9;N1B87SJ1;31;2;1;1;A;R;N;4;A;;;;;
9;N1B87SJ1;31;2;7;1;A;R;J;5;A;;;;;
9;N1B87SJ1;31;2;10;1;A;V;J;2;A;;;;;
9;N1B87SJ1;31;2;5;1;D;V;N;3;D;;;;;
9;N1B87SJ1;31;2;12;1;E;V;J;6;E;;;;;
9;N1B87SJ1;31;2;6;1;E;V;N;6;E;;;;;
9;N1B87SJ1;31;2;11;1;D;V;J;4;D;;;;;
9;N1B87SJ1;31;2;3;1;E;R;N;7;E;;;;;
9;N1B87SJ1;31;2;2;1;D;R;N;5;D;;;;;
9;N1B87SJ1;31;2;8;1;D;R;J;5;D;;;;;
9;N1B87SJ1;31;2;4;1;A;V;N;3;A;;;;;
9;N1B87SJ1;31;2;9;1;E;R;J;6;E;;;;;
9;N1B87SJ1;31;2;18;2;E;V;N;5;E;;;;;
9;N1B87SJ1;31;2;24;2;E;V;J;4;E;;;;;
9;N1B87SJ1;31;2;17;2;D;V;N;6;D;;;;;
9;N1B87SJ1;31;2;14;2;D;R;N;4;D;;;;;
9;N1B87SJ1;31;2;23;2;D;V;J;6;D;;;;;
9;N1B87SJ1;31;2;22;2;A;V;J;4;A;;;;;
9;N1B87SJ1;31;2;15;2;E;R;N;6;E;;;;;
9;N1B87SJ1;31;2;21;2;E;R;J;6;E;;;;;
9;N1B87SJ1;31;2;19;2;A;R;J;5;A;;;;;
9;N1B87SJ1;31;2;13;2;A;R;N;4;A;;;;;
9;N1B87SJ1;31;2;16;2;A;V;N;2;A;;;;;
9;N1B87SJ1;31;2;20;2;D;R;J;5;D;;;;;
10;KGK41L5C;29;1;29;3;D;V;N;6;D;;;;;
10;KGK41L5C;29;1;26;3;D;R;N;1;D;;;;;
10;KGK41L5C;29;1;27;3;E;R;N;3;E;;;;;
10;KGK41L5C;29;1;35;3;D;V;J;6;D;;;;;
10;KGK41L5C;29;1;34;3;A;V;J;7;A;;;;;
10;KGK41L5C;29;1;33;3;E;R;J;3;E;;;;;
10;KGK41L5C;29;1;31;3;A;R;J;4;A;;;;;
10;KGK41L5C;29;1;36;3;E;V;J;6;E;;;;;
10;KGK41L5C;29;1;30;3;E;V;N;6;E;;;;;
10;KGK41L5C;29;1;32;3;D;R;J;2;D;;;;;
10;KGK41L5C;29;1;25;3;A;R;N;1;A;;;;;
10;KGK41L5C;29;1;28;3;A;V;N;6;A;;;;;
10;KGK41L5C;29;1;6;1;E;V;N;7;E;;;;;
10;KGK41L5C;29;1;3;1;E;R;N;5;E;;;;;
10;KGK41L5C;29;1;2;1;D;R;N;7;D;;;;;
10;KGK41L5C;29;1;8;1;D;R;J;7;D;;;;;
10;KGK41L5C;29;1;12;1;E;V;J;7;E;;;;;
10;KGK41L5C;29;1;1;1;A;R;N;2;A;;;;;
10;KGK41L5C;29;1;10;1;A;V;J;5;A;;;;;
10;KGK41L5C;29;1;7;1;A;R;J;3;A;;;;;
10;KGK41L5C;29;1;11;1;D;V;J;6;D;;;;;
10;KGK41L5C;29;1;5;1;D;V;N;5;D;;;;;
10;KGK41L5C;29;1;9;1;E;R;J;6;E;;;;;
10;KGK41L5C;29;1;4;1;A;V;N;6;A;;;;;
10;KGK41L5C;29;1;20;2;D;R;J;6;D;;;;;
10;KGK41L5C;29;1;15;2;E;R;N;6;E;;;;;
10;KGK41L5C;29;1;19;2;A;R;J;7;A;;;;;
10;KGK41L5C;29;1;24;2;E;V;J;7;E;;;;;
10;KGK41L5C;29;1;22;2;A;V;J;6;A;;;;;
10;KGK41L5C;29;1;18;2;E;V;N;7;E;;;;;
10;KGK41L5C;29;1;23;2;D;V;J;6;D;;;;;
10;KGK41L5C;29;1;17;2;D;V;N;6;D;;;;;
10;KGK41L5C;29;1;16;2;A;V;N;7;A;;;;;
10;KGK41L5C;29;1;14;2;D;R;N;3;D;;;;;
10;KGK41L5C;29;1;13;2;A;R;N;3;A;;;;;
10;KGK41L5C;29;1;21;2;E;R;J;7;E;;;;;
10;868UBANT;29;2;4;1;A;V;N;7;A;;;;;
10;868UBANT;29;2;7;1;A;R;J;6;A;;;;;
10;868UBANT;29;2;8;1;D;R;J;7;D;;;;;
10;868UBANT;29;2;2;1;D;R;N;7;D;;;;;
10;868UBANT;29;2;5;1;D;V;N;7;D;;;;;
10;868UBANT;29;2;10;1;A;V;J;3;A;;;;;
10;868UBANT;29;2;3;1;E;R;N;3;E;;;;;
10;868UBANT;29;2;9;1;E;R;J;3;E;;;;;
10;868UBANT;29;2;1;1;A;R;N;4;A;;;;;
10;868UBANT;29;2;11;1;D;V;J;6;D;;;;;
10;868UBANT;29;2;6;1;E;V;N;7;E;;;;;
10;868UBANT;29;2;12;1;E;V;J;7;E;;;;;
10;868UBANT;29;2;34;3;A;V;J;6;A;;;;;
10;868UBANT;29;2;30;3;E;V;N;5;E;;;;;
10;868UBANT;29;2;27;3;E;R;N;2;E;;;;;
10;868UBANT;29;2;28;3;A;V;N;5;A;;;;;
10;868UBANT;29;2;29;3;D;V;N;6;D;;;;;
10;868UBANT;29;2;26;3;D;R;N;1;D;;;;;
10;868UBANT;29;2;35;3;D;V;J;6;D;;;;;
10;868UBANT;29;2;32;3;D;R;J;6;D;;;;;
10;868UBANT;29;2;33;3;E;R;J;7;E;;;;;
10;868UBANT;29;2;36;3;E;V;J;7;E;;;;;
10;868UBANT;29;2;25;3;A;R;N;1;A;;;;;
10;868UBANT;29;2;31;3;A;R;J;3;A;;;;;
10;868UBANT;29;2;21;2;E;R;J;7;E;;;;;
10;868UBANT;29;2;18;2;E;V;N;6;E;;;;;
10;868UBANT;29;2;19;2;A;R;J;7;A;;;;;
10;868UBANT;29;2;24;2;E;V;J;6;E;;;;;
10;868UBANT;29;2;22;2;A;V;J;6;A;;;;;
10;868UBANT;29;2;16;2;A;V;N;5;A;;;;;
10;868UBANT;29;2;15;2;E;R;N;3;E;;;;;
10;868UBANT;29;2;13;2;A;R;N;2;A;;;;;
10;868UBANT;29;2;20;2;D;R;J;5;D;;;;;
10;868UBANT;29;2;23;2;D;V;J;6;D;;;;;
10;868UBANT;29;2;17;2;D;V;N;6;D;;;;;
10;868UBANT;29;2;14;2;D;R;N;2;D;;;;;
11;GP2G568R;27;1;3;1;E;R;N;7;E;;;;;
11;GP2G568R;27;1;7;1;A;R;J;7;A;;;;;
11;GP2G568R;27;1;10;1;A;V;J;5;A;;;;;
11;GP2G568R;27;1;4;1;A;V;N;5;A;;;;;
11;GP2G568R;27;1;9;1;E;R;J;7;E;;;;;
11;GP2G568R;27;1;2;1;D;R;N;6;D;;;;;
11;GP2G568R;27;1;12;1;E;V;J;5;E;;;;;
11;GP2G568R;27;1;1;1;A;R;N;6;A;;;;;
11;GP2G568R;27;1;5;1;D;V;N;4;D;;;;;
11;GP2G568R;27;1;6;1;E;V;N;6;E;;;;;
11;GP2G568R;27;1;11;1;D;V;J;5;D;;;;;
11;GP2G568R;27;1;8;1;D;R;J;7;D;;;;;
11;GP2G568R;27;1;17;2;D;V;N;5;D;;;;;
11;GP2G568R;27;1;22;2;A;V;J;6;A;;;;;
11;GP2G568R;27;1;15;2;E;R;N;7;E;;;;;
11;GP2G568R;27;1;24;2;E;V;J;4;E;;;;;
11;GP2G568R;27;1;14;2;D;R;N;6;D;;;;;
11;GP2G568R;27;1;18;2;E;V;N;4;E;;;;;
11;GP2G568R;27;1;20;2;D;R;J;6;D;;;;;
11;GP2G568R;27;1;19;2;A;R;J;3;A;;;;;
11;GP2G568R;27;1;21;2;E;R;J;5;E;;;;;
11;GP2G568R;27;1;16;2;A;V;N;4;A;;;;;
11;GP2G568R;27;1;23;2;D;V;J;4;D;;;;;
11;GP2G568R;27;1;13;2;A;R;N;7;A;;;;;
11;GP2G568R;27;1;26;3;D;R;N;6;D;;;;;
11;GP2G568R;27;1;34;3;A;V;J;1;A;;;;;
11;GP2G568R;27;1;27;3;E;R;N;7;E;;;;;
11;GP2G568R;27;1;33;3;E;R;J;6;E;;;;;
11;GP2G568R;27;1;31;3;A;R;J;6;A;;;;;
11;GP2G568R;27;1;35;3;D;V;J;1;D;;;;;
11;GP2G568R;27;1;25;3;A;R;N;7;A;;;;;
11;GP2G568R;27;1;28;3;A;V;N;3;A;;;;;
11;GP2G568R;27;1;32;3;D;R;J;5;D;;;;;
11;GP2G568R;27;1;29;3;D;V;N;3;D;;;;;
11;GP2G568R;27;1;36;3;E;V;J;2;E;;;;;
11;GP2G568R;27;1;30;3;E;V;N;3;E;;;;;
11;RPLS3A6N;27;2;15;2;E;R;N;6;E;;;;;
11;RPLS3A6N;27;2;17;2;D;V;N;5;D;;;;;
11;RPLS3A6N;27;2;19;2;A;R;J;6;A;;;;;
11;RPLS3A6N;27;2;23;2;D;V;J;5;D;;;;;
11;RPLS3A6N;27;2;18;2;E;V;N;6;E;;;;;
11;RPLS3A6N;27;2;14;2;D;R;N;7;D;;;;;
11;RPLS3A6N;27;2;16;2;A;V;N;4;A;;;;;
11;RPLS3A6N;27;2;22;2;A;V;J;3;A;;;;;
11;RPLS3A6N;27;2;21;2;E;R;J;5;E;;;;;
11;RPLS3A6N;27;2;13;2;A;R;N;7;A;;;;;
11;RPLS3A6N;27;2;20;2;D;R;J;7;D;;;;;
11;RPLS3A6N;27;2;24;2;E;V;J;7;E;;;;;
11;RPLS3A6N;27;2;4;1;A;V;N;5;A;;;;;
11;RPLS3A6N;27;2;9;1;E;R;J;7;E;;;;;
11;RPLS3A6N;27;2;7;1;A;R;J;5;A;;;;;
11;RPLS3A6N;27;2;12;1;E;V;J;6;E;;;;;
11;RPLS3A6N;27;2;10;1;A;V;J;4;A;;;;;
11;RPLS3A6N;27;2;3;1;E;R;N;7;E;;;;;
11;RPLS3A6N;27;2;6;1;E;V;N;5;E;;;;;
11;RPLS3A6N;27;2;11;1;D;V;J;4;D;;;;;
11;RPLS3A6N;27;2;8;1;D;R;J;7;D;;;;;
11;RPLS3A6N;27;2;5;1;D;V;N;4;D;;;;;
11;RPLS3A6N;27;2;1;1;A;R;N;6;A;;;;;
11;RPLS3A6N;27;2;2;1;D;R;N;7;D;;;;;
11;RPLS3A6N;27;2;27;3;E;R;N;6;E;;;;;
11;RPLS3A6N;27;2;35;3;D;V;J;3;D;;;;;
11;RPLS3A6N;27;2;30;3;E;V;N;4;E;;;;;
11;RPLS3A6N;27;2;33;3;E;R;J;5;E;;;;;
11;RPLS3A6N;27;2;32;3;D;R;J;7;D;;;;;
11;RPLS3A6N;27;2;26;3;D;R;N;6;D;;;;;
11;RPLS3A6N;27;2;31;3;A;R;J;5;A;;;;;
11;RPLS3A6N;27;2;34;3;A;V;J;2;A;;;;;
11;RPLS3A6N;27;2;36;3;E;V;J;5;E;;;;;
11;RPLS3A6N;27;2;25;3;A;R;N;7;A;;;;;
11;RPLS3A6N;27;2;29;3;D;V;N;1;D;;;;;
11;RPLS3A6N;27;2;28;3;A;V;N;3;A;;;;;
12;WO02510A;24;1;16;2;A;V;N;3;A;;;;;
12;WO02510A;24;1;14;2;D;R;N;3;D;;;;;
12;WO02510A;24;1;24;2;E;V;J;2;E;;;;;
12;WO02510A;24;1;23;2;D;V;J;1;D;;;;;
12;WO02510A;24;1;15;2;E;R;N;4;E;;;;;
12;WO02510A;24;1;19;2;A;R;J;3;A;;;;;
12;WO02510A;24;1;20;2;D;R;J;1;D;;;;;
12;WO02510A;24;1;13;2;A;R;N;4;A;;;;;
12;WO02510A;24;1;17;2;D;V;N;3;D;;;;;
12;WO02510A;24;1;18;2;E;V;N;1;E;;;;;
12;WO02510A;24;1;22;2;A;V;J;3;A;;;;;
12;WO02510A;24;1;21;2;E;R;J;1;E;;;;;
12;WO02510A;24;1;11;1;D;V;J;5;D;;;;;
12;WO02510A;24;1;6;1;E;V;N;5;E;;;;;
12;WO02510A;24;1;8;1;D;R;J;5;D;;;;;
12;WO02510A;24;1;2;1;D;R;N;6;D;;;;;
12;WO02510A;24;1;1;1;A;R;N;5;A;;;;;
12;WO02510A;24;1;12;1;E;V;J;3;E;;;;;
12;WO02510A;24;1;10;1;A;V;J;2;A;;;;;
12;WO02510A;24;1;5;1;D;V;N;3;D;;;;;
12;WO02510A;24;1;7;1;A;R;J;4;A;;;;;
12;WO02510A;24;1;4;1;A;V;N;2;A;;;;;
12;WO02510A;24;1;3;1;E;R;N;5;E;;;;;
12;WO02510A;24;1;9;1;E;R;J;5;E;;;;;
12;WO02510A;24;1;31;3;A;R;J;6;A;;;;;
12;WO02510A;24;1;30;3;E;V;N;4;E;;;;;
12;WO02510A;24;1;29;3;D;V;N;3;D;;;;;
12;WO02510A;24;1;34;3;A;V;J;3;A;;;;;
12;WO02510A;24;1;36;3;E;V;J;5;E;;;;;
12;WO02510A;24;1;32;3;D;R;J;4;D;;;;;
12;WO02510A;24;1;33;3;E;R;J;5;E;;;;;
12;WO02510A;24;1;28;3;A;V;N;2;A;;;;;
12;WO02510A;24;1;27;3;E;R;N;6;E;;;;;
12;WO02510A;24;1;25;3;A;R;N;6;A;;;;;
12;WO02510A;24;1;35;3;D;V;J;1;D;;;;;
12;WO02510A;24;1;26;3;D;R;N;5;D;;;;;
12;HEJG16WA;24;2;16;2;A;V;N;3;A;;;;;
12;HEJG16WA;24;2;18;2;E;V;N;4;E;;;;;
12;HEJG16WA;24;2;22;2;A;V;J;4;A;;;;;
12;HEJG16WA;24;2;19;2;A;R;J;5;A;;;;;
12;HEJG16WA;24;2;17;2;D;V;N;2;D;;;;;
12;HEJG16WA;24;2;24;2;E;V;J;4;E;;;;;
12;HEJG16WA;24;2;14;2;D;R;N;5;D;;;;;
12;HEJG16WA;24;2;15;2;E;R;N;4;E;;;;;
12;HEJG16WA;24;2;23;2;D;V;J;3;D;;;;;
12;HEJG16WA;24;2;13;2;A;R;N;4;A;;;;;
12;HEJG16WA;24;2;21;2;E;R;J;3;E;;;;;
12;HEJG16WA;24;2;20;2;D;R;J;4;D;;;;;
12;HEJG16WA;24;2;11;1;D;V;J;4;D;;;;;
12;HEJG16WA;24;2;4;1;A;V;N;2;A;;;;;
12;HEJG16WA;24;2;1;1;A;R;N;5;A;;;;;
12;HEJG16WA;24;2;6;1;E;V;N;4;E;;;;;
12;HEJG16WA;24;2;5;1;D;V;N;2;D;;;;;
12;HEJG16WA;24;2;12;1;E;V;J;3;E;;;;;
12;HEJG16WA;24;2;7;1;A;R;J;5;A;;;;;
12;HEJG16WA;24;2;9;1;E;R;J;6;E;;;;;
12;HEJG16WA;24;2;8;1;D;R;J;6;D;;;;;
12;HEJG16WA;24;2;3;1;E;R;N;7;E;;;;;
12;HEJG16WA;24;2;2;1;D;R;N;6;D;;;;;
12;HEJG16WA;24;2;10;1;A;V;J;3;A;;;;;
12;HEJG16WA;24;2;28;3;A;V;N;4;A;;;;;
12;HEJG16WA;24;2;32;3;D;R;J;3;D;;;;;
12;HEJG16WA;24;2;36;3;E;V;J;3;E;;;;;
12;HEJG16WA;24;2;34;3;A;V;J;2;A;;;;;
12;HEJG16WA;24;2;30;3;E;V;N;5;E;;;;;
12;HEJG16WA;24;2;25;3;A;R;N;6;A;;;;;
12;HEJG16WA;24;2;35;3;D;V;J;2;D;;;;;
12;HEJG16WA;24;2;27;3;E;R;N;7;E;;;;;
12;HEJG16WA;24;2;33;3;E;R;J;6;E;;;;;
12;HEJG16WA;24;2;29;3;D;V;N;4;A;;;;;
12;HEJG16WA;24;2;31;3;A;R;J;5;A;;;;;
12;HEJG16WA;24;2;26;3;D;R;N;6;D;;;;;
13;FSGVAN6M;33;1;27;3;E;R;N;5;E;;;;;
13;FSGVAN6M;33;1;28;3;A;V;N;3;A;;;;;
13;FSGVAN6M;33;1;26;3;D;R;N;5;D;;;;;
13;FSGVAN6M;33;1;31;3;A;R;J;4;A;;;;;
13;FSGVAN6M;33;1;29;3;D;V;N;2;D;;;;;
13;FSGVAN6M;33;1;34;3;A;V;J;3;A;;;;;
13;FSGVAN6M;33;1;32;3;D;R;J;4;D;;;;;
13;FSGVAN6M;33;1;33;3;E;R;J;5;E;;;;;
13;FSGVAN6M;33;1;36;3;E;V;J;4;E;;;;;
13;FSGVAN6M;33;1;30;3;E;V;N;3;E;;;;;
13;FSGVAN6M;33;1;35;3;D;V;J;3;D;;;;;
13;FSGVAN6M;33;1;25;3;A;R;N;5;A;;;;;
13;FSGVAN6M;33;1;14;2;D;R;N;4;D;;;;;
13;FSGVAN6M;33;1;20;2;D;R;J;5;D;;;;;
13;FSGVAN6M;33;1;13;2;A;R;N;4;A;;;;;
13;FSGVAN6M;33;1;22;2;A;V;J;3;A;;;;;
13;FSGVAN6M;33;1;21;2;E;R;J;5;E;;;;;
13;FSGVAN6M;33;1;16;2;A;V;N;3;A;;;;;
13;FSGVAN6M;33;1;18;2;E;V;N;5;E;;;;;
13;FSGVAN6M;33;1;23;2;D;V;J;4;D;;;;;
13;FSGVAN6M;33;1;17;2;D;V;N;5;D;;;;;
13;FSGVAN6M;33;1;15;2;E;R;N;6;E;;;;;
13;FSGVAN6M;33;1;19;2;A;R;J;5;A;;;;;
13;FSGVAN6M;33;1;24;2;E;V;J;3;E;;;;;
13;FSGVAN6M;33;1;7;1;A;R;J;6;A;;;;;
13;FSGVAN6M;33;1;4;1;A;V;N;4;A;;;;;
13;FSGVAN6M;33;1;10;1;A;V;J;4;A;;;;;
13;FSGVAN6M;33;1;1;1;A;R;N;5;A;;;;;
13;FSGVAN6M;33;1;11;1;D;V;J;4;D;;;;;
13;FSGVAN6M;33;1;9;1;E;R;J;5;E;;;;;
13;FSGVAN6M;33;1;2;1;D;R;N;6;D;;;;;
13;FSGVAN6M;33;1;3;1;E;R;N;5;E;;;;;
13;FSGVAN6M;33;1;6;1;E;V;N;3;E;;;;;
13;FSGVAN6M;33;1;12;1;E;V;J;3;E;;;;;
13;FSGVAN6M;33;1;5;1;D;V;N;3;D;;;;;
13;FSGVAN6M;33;1;8;1;D;R;J;4;D;;;;;
13;FPZYZ7Q9;33;2;33;3;E;R;J;5;E;;;;;
13;FPZYZ7Q9;33;2;28;3;A;V;N;4;A;;;;;
13;FPZYZ7Q9;33;2;35;3;D;V;J;3;D;;;;;
13;FPZYZ7Q9;33;2;34;3;A;V;J;5;A;;;;;
13;FPZYZ7Q9;33;2;29;3;D;V;N;6;D;;;;;
13;FPZYZ7Q9;33;2;30;3;E;V;N;5;E;;;;;
13;FPZYZ7Q9;33;2;31;3;A;R;J;5;A;;;;;
13;FPZYZ7Q9;33;2;25;3;A;R;N;6;A;;;;;
13;FPZYZ7Q9;33;2;32;3;D;R;J;3;D;;;;;
13;FPZYZ7Q9;33;2;27;3;E;R;N;6;E;;;;;
13;FPZYZ7Q9;33;2;26;3;D;R;N;4;D;;;;;
13;FPZYZ7Q9;33;2;36;3;E;V;J;3;E;;;;;
13;FPZYZ7Q9;33;2;20;2;D;R;J;5;D;;;;;
13;FPZYZ7Q9;33;2;24;2;E;V;J;4;E;;;;;
13;FPZYZ7Q9;33;2;21;2;E;R;J;4;E;;;;;
13;FPZYZ7Q9;33;2;22;2;A;V;J;5;A;;;;;
13;FPZYZ7Q9;33;2;14;2;D;R;N;5;D;;;;;
13;FPZYZ7Q9;33;2;18;2;E;V;N;3;E;;;;;
13;FPZYZ7Q9;33;2;13;2;A;R;N;5;A;;;;;
13;FPZYZ7Q9;33;2;15;2;E;R;N;4;E;;;;;
13;FPZYZ7Q9;33;2;16;2;A;V;N;4;A;;;;;
13;FPZYZ7Q9;33;2;23;2;D;V;J;4;D;;;;;
13;FPZYZ7Q9;33;2;17;2;D;V;N;4;D;;;;;
13;FPZYZ7Q9;33;2;19;2;A;R;J;5;A;;;;;
13;FPZYZ7Q9;33;2;7;1;A;R;J;5;A;;;;;
13;FPZYZ7Q9;33;2;10;1;A;V;J;4;A;;;;;
13;FPZYZ7Q9;33;2;12;1;E;V;J;3;E;;;;;
13;FPZYZ7Q9;33;2;9;1;E;R;J;4;E;;;;;
13;FPZYZ7Q9;33;2;6;1;E;V;N;4;E;;;;;
13;FPZYZ7Q9;33;2;8;1;D;R;J;5;D;;;;;
13;FPZYZ7Q9;33;2;11;1;D;V;J;4;D;;;;;
13;FPZYZ7Q9;33;2;5;1;D;V;N;4;D;;;;;
13;FPZYZ7Q9;33;2;4;1;A;V;N;4;A;;;;;
13;FPZYZ7Q9;33;2;2;1;D;R;N;5;D;;;;;
13;FPZYZ7Q9;33;2;1;1;A;R;N;5;A;;;;;
13;FPZYZ7Q9;33;2;3;1;E;R;N;5;E;;;;;
14;4A5U2XG7;30;1;7;1;A;R;J;7;A;;;;;
14;4A5U2XG7;30;1;9;1;E;R;J;7;E;;;;;
14;4A5U2XG7;30;1;11;1;D;V;J;6;D;;;;;
14;4A5U2XG7;30;1;6;1;E;V;N;6;E;;;;;
14;4A5U2XG7;30;1;1;1;A;R;N;5;A;;;;;
14;4A5U2XG7;30;1;10;1;A;V;J;4;A;;;;;
14;4A5U2XG7;30;1;2;1;D;R;N;6;D;;;;;
14;4A5U2XG7;30;1;4;1;A;V;N;5;A;;;;;
14;4A5U2XG7;30;1;3;1;E;R;N;6;E;;;;;
14;4A5U2XG7;30;1;5;1;D;V;N;6;D;;;;;
14;4A5U2XG7;30;1;8;1;D;R;J;6;D;;;;;
14;4A5U2XG7;30;1;12;1;E;V;J;7;E;;;;;
14;4A5U2XG7;30;1;19;2;A;R;J;6;A;;;;;
14;4A5U2XG7;30;1;24;2;E;V;J;7;E;;;;;
14;4A5U2XG7;30;1;14;2;D;R;N;5;D;;;;;
14;4A5U2XG7;30;1;22;2;A;V;J;6;A;;;;;
14;4A5U2XG7;30;1;20;2;D;R;J;5;D;;;;;
14;4A5U2XG7;30;1;13;2;A;R;N;4;A;;;;;
14;4A5U2XG7;30;1;15;2;E;R;N;6;E;;;;;
14;4A5U2XG7;30;1;23;2;D;V;J;6;D;;;;;
14;4A5U2XG7;30;1;18;2;E;V;N;7;E;;;;;
14;4A5U2XG7;30;1;16;2;A;V;N;4;A;;;;;
14;4A5U2XG7;30;1;17;2;D;V;N;4;D;;;;;
14;4A5U2XG7;30;1;21;2;E;R;J;7;E;;;;;
14;4A5U2XG7;30;1;35;3;D;V;J;4;D;;;;;
14;4A5U2XG7;30;1;36;3;E;V;J;5;E;;;;;
14;4A5U2XG7;30;1;29;3;D;V;N;5;D;;;;;
14;4A5U2XG7;30;1;28;3;A;V;N;5;A;;;;;
14;4A5U2XG7;30;1;26;3;D;R;N;3;D;;;;;
14;4A5U2XG7;30;1;27;3;E;R;N;3;E;;;;;
14;4A5U2XG7;30;1;31;3;A;R;J;6;A;;;;;
14;4A5U2XG7;30;1;32;3;D;R;J;6;D;;;;;
14;4A5U2XG7;30;1;34;3;A;V;J;7;A;;;;;
14;4A5U2XG7;30;1;30;3;E;V;N;6;E;;;;;
14;4A5U2XG7;30;1;33;3;E;R;J;6;E;;;;;
14;4A5U2XG7;30;1;25;3;A;R;N;2;A;;;;;
14;FFGI012T;30;2;21;2;E;R;J;6;D;;;;;
14;FFGI012T;30;2;18;2;E;V;N;5;A;;;;;
14;FFGI012T;30;2;23;2;D;V;J;5;A;;;;;
14;FFGI012T;30;2;15;2;E;R;N;6;E;;;;;
14;FFGI012T;30;2;22;2;A;V;J;7;E;;;;;
14;FFGI012T;30;2;19;2;A;R;J;5;D;;;;;
14;FFGI012T;30;2;13;2;A;R;N;6;E;;;;;
14;FFGI012T;30;2;14;2;D;R;N;5;D;;;;;
14;FFGI012T;30;2;20;2;D;R;J;6;D;;;;;
14;FFGI012T;30;2;24;2;E;V;J;6;E;;;;;
14;FFGI012T;30;2;16;2;A;V;N;6;A;;;;;
14;FFGI012T;30;2;17;2;D;V;N;4;A;;;;;
14;FFGI012T;30;2;31;3;A;R;J;3;D;;;;;
14;FFGI012T;30;2;27;3;E;R;N;6;E;;;;;
14;FFGI012T;30;2;35;3;D;V;J;6;D;;;;;
14;FFGI012T;30;2;30;3;E;V;N;5;A;;;;;
14;FFGI012T;30;2;25;3;A;R;N;4;D;;;;;
14;FFGI012T;30;2;36;3;E;V;J;5;E;;;;;
14;FFGI012T;30;2;32;3;D;R;J;4;A;;;;;
14;FFGI012T;30;2;29;3;D;V;N;4;D;;;;;
14;FFGI012T;30;2;33;3;E;R;J;3;E;;;;;
14;FFGI012T;30;2;26;3;D;R;N;5;E;;;;;
14;FFGI012T;30;2;34;3;A;V;J;2;A;;;;;
14;FFGI012T;30;2;28;3;A;V;N;6;A;;;;;
14;FFGI012T;30;2;8;1;D;R;J;6;D;;;;;
14;FFGI012T;30;2;5;1;D;V;N;6;D;;;;;
14;FFGI012T;30;2;7;1;A;R;J;6;A;;;;;
14;FFGI012T;30;2;6;1;E;V;N;5;E;;;;;
14;FFGI012T;30;2;1;1;A;R;N;6;E;;;;;
14;FFGI012T;30;2;11;1;D;V;J;6;D;;;;;
14;FFGI012T;30;2;10;1;A;V;J;5;A;;;;;
14;FFGI012T;30;2;12;1;E;V;J;6;D;;;;;
14;FFGI012T;30;2;4;1;A;V;N;6;A;;;;;
14;FFGI012T;30;2;9;1;E;R;J;7;E;;;;;
14;FFGI012T;30;2;3;1;E;R;N;6;A;;;;;
14;FFGI012T;30;2;2;1;D;R;N;6;E;;;;;
15;PNZ17CQ2;25;1;5;1;D;V;N;6;A;;;;;
15;PNZ17CQ2;25;1;11;1;D;V;J;6;A;;;;;
15;PNZ17CQ2;25;1;10;1;A;V;J;7;A;;;;;
15;PNZ17CQ2;25;1;9;1;E;R;J;6;E;;;;;
15;PNZ17CQ2;25;1;6;1;E;V;N;7;E;;;;;
15;PNZ17CQ2;25;1;8;1;D;R;J;7;D;;;;;
15;PNZ17CQ2;25;1;7;1;A;R;J;6;A;;;;;
15;PNZ17CQ2;25;1;2;1;D;R;N;6;D;;;;;
15;PNZ17CQ2;25;1;1;1;A;R;N;6;A;;;;;
15;PNZ17CQ2;25;1;12;1;E;V;J;7;E;;;;;
15;PNZ17CQ2;25;1;4;1;A;V;N;5;A;;;;;
15;PNZ17CQ2;25;1;3;1;E;R;N;6;E;;;;;
15;PNZ17CQ2;25;1;20;2;D;R;J;5;A;;;;;
15;PNZ17CQ2;25;1;13;2;A;R;N;5;A;;;;;
15;PNZ17CQ2;25;1;22;2;A;V;J;6;A;;;;;
15;PNZ17CQ2;25;1;24;2;E;V;J;6;E;;;;;
15;PNZ17CQ2;25;1;21;2;E;R;J;5;E;;;;;
15;PNZ17CQ2;25;1;17;2;D;V;N;6;D;;;;;
15;PNZ17CQ2;25;1;18;2;E;V;N;6;E;;;;;
15;PNZ17CQ2;25;1;14;2;D;R;N;3;D;;;;;
15;PNZ17CQ2;25;1;23;2;D;V;J;5;D;;;;;
15;PNZ17CQ2;25;1;15;2;E;R;N;6;E;;;;;
15;PNZ17CQ2;25;1;19;2;A;R;J;6;A;;;;;
15;PNZ17CQ2;25;1;16;2;A;V;N;5;A;;;;;
15;PNZ17CQ2;25;1;26;3;D;R;N;4;E;;;;;
15;PNZ17CQ2;25;1;30;3;E;V;N;3;E;;;;;
15;PNZ17CQ2;25;1;32;3;D;R;J;5;A;;;;;
15;PNZ17CQ2;25;1;34;3;A;V;J;5;A;;;;;
15;PNZ17CQ2;25;1;35;3;D;V;J;6;D;;;;;
15;PNZ17CQ2;25;1;36;3;E;V;J;5;E;;;;;
15;PNZ17CQ2;25;1;31;3;A;R;J;6;A;;;;;
15;PNZ17CQ2;25;1;29;3;D;V;N;5;D;;;;;
15;PNZ17CQ2;25;1;27;3;E;R;N;4;E;;;;;
15;PNZ17CQ2;25;1;33;3;E;R;J;6;E;;;;;
15;PNZ17CQ2;25;1;25;3;A;R;N;4;A;;;;;
15;PNZ17CQ2;25;1;28;3;A;V;N;5;A;;;;;
15;WRIK4MY5;25;2;22;2;A;V;J;6;A;;;;;
15;WRIK4MY5;25;2;19;2;A;R;J;6;A;;;;;
15;WRIK4MY5;25;2;20;2;D;R;J;5;D;;;;;
15;WRIK4MY5;25;2;15;2;E;R;N;6;E;;;;;
15;WRIK4MY5;25;2;16;2;A;V;N;6;A;;;;;
15;WRIK4MY5;25;2;21;2;E;R;J;6;E;;;;;
15;WRIK4MY5;25;2;23;2;D;V;J;5;D;;;;;
15;WRIK4MY5;25;2;13;2;A;R;N;5;A;;;;;
15;WRIK4MY5;25;2;17;2;D;V;N;5;D;;;;;
15;WRIK4MY5;25;2;18;2;E;V;N;6;E;;;;;
15;WRIK4MY5;25;2;24;2;E;V;J;6;E;;;;;
15;WRIK4MY5;25;2;14;2;D;R;N;3;D;;;;;
15;WRIK4MY5;25;2;12;1;E;V;J;7;E;;;;;
15;WRIK4MY5;25;2;11;1;D;V;J;6;A;;;;;
15;WRIK4MY5;25;2;9;1;E;R;J;6;E;;;;;
15;WRIK4MY5;25;2;10;1;A;V;J;6;A;;;;;
15;WRIK4MY5;25;2;2;1;D;R;N;6;D;;;;;
15;WRIK4MY5;25;2;4;1;A;V;N;6;A;;;;;
15;WRIK4MY5;25;2;1;1;A;R;N;5;A;;;;;
15;WRIK4MY5;25;2;6;1;E;V;N;7;E;;;;;
15;WRIK4MY5;25;2;8;1;D;R;J;6;D;;;;;
15;WRIK4MY5;25;2;5;1;D;V;N;7;D;;;;;
15;WRIK4MY5;25;2;7;1;A;R;J;6;A;;;;;
15;WRIK4MY5;25;2;3;1;E;R;N;7;E;;;;;
15;WRIK4MY5;25;2;35;3;D;V;J;4;D;;;;;
15;WRIK4MY5;25;2;33;3;E;R;J;4;E;;;;;
15;WRIK4MY5;25;2;27;3;E;R;N;5;E;;;;;
15;WRIK4MY5;25;2;29;3;D;V;N;4;D;;;;;
15;WRIK4MY5;25;2;25;3;A;R;N;4;A;;;;;
15;WRIK4MY5;25;2;34;3;A;V;J;5;A;;;;;
15;WRIK4MY5;25;2;36;3;E;V;J;6;E;;;;;
15;WRIK4MY5;25;2;32;3;D;R;J;5;D;;;;;
15;WRIK4MY5;25;2;31;3;A;R;J;5;A;;;;;
15;WRIK4MY5;25;2;30;3;E;V;N;5;E;;;;;
15;WRIK4MY5;25;2;26;3;D;R;N;3;D;;;;;
15;WRIK4MY5;25;2;28;3;A;V;N;4;A;;;;;
16;SR6VWJL3;23;1;6;1;E;V;N;7;E;;;;;
16;SR6VWJL3;23;1;7;1;A;R;J;5;A;;;;;
16;SR6VWJL3;23;1;10;1;A;V;J;5;A;;;;;
16;SR6VWJL3;23;1;2;1;D;R;N;6;D;;;;;
16;SR6VWJL3;23;1;12;1;E;V;J;7;E;;;;;
16;SR6VWJL3;23;1;9;1;E;R;J;7;E;;;;;
16;SR6VWJL3;23;1;11;1;D;V;J;5;D;;;;;
16;SR6VWJL3;23;1;5;1;D;V;N;5;D;;;;;
16;SR6VWJL3;23;1;4;1;A;V;N;5;A;;;;;
16;SR6VWJL3;23;1;1;1;A;R;N;4;A;;;;;
16;SR6VWJL3;23;1;8;1;D;R;J;6;D;;;;;
16;SR6VWJL3;23;1;3;1;E;R;N;6;E;;;;;
16;SR6VWJL3;23;1;36;3;E;V;J;4;E;;;;;
16;SR6VWJL3;23;1;33;3;E;R;J;5;E;;;;;
16;SR6VWJL3;23;1;25;3;A;R;N;6;A;;;;;
16;SR6VWJL3;23;1;32;3;D;R;J;3;D;;;;;
16;SR6VWJL3;23;1;35;3;D;V;J;2;D;;;;;
16;SR6VWJL3;23;1;31;3;A;R;J;7;A;;;;;
16;SR6VWJL3;23;1;29;3;D;V;N;5;A;;;;;
16;SR6VWJL3;23;1;34;3;A;V;J;4;E;;;;;
16;SR6VWJL3;23;1;30;3;E;V;N;4;A;;;;;
16;SR6VWJL3;23;1;28;3;A;V;N;5;D;;;;;
16;SR6VWJL3;23;1;26;3;D;R;N;5;E;;;;;
16;SR6VWJL3;23;1;27;3;E;R;N;5;D;;;;;
16;SR6VWJL3;23;1;24;2;E;V;J;6;E;;;;;
16;SR6VWJL3;23;1;21;2;E;R;J;7;E;;;;;
16;SR6VWJL3;23;1;15;2;E;R;N;6;E;;;;;
16;SR6VWJL3;23;1;16;2;A;V;N;6;A;;;;;
16;SR6VWJL3;23;1;14;2;D;R;N;5;D;;;;;
16;SR6VWJL3;23;1;13;2;A;R;N;5;A;;;;;
16;SR6VWJL3;23;1;18;2;E;V;N;6;E;;;;;
16;SR6VWJL3;23;1;17;2;D;V;N;6;D;;;;;
16;SR6VWJL3;23;1;23;2;D;V;J;7;D;;;;;
16;SR6VWJL3;23;1;22;2;A;V;J;6;A;;;;;
16;SR6VWJL3;23;1;19;2;A;R;J;7;A;;;;;
16;SR6VWJL3;23;1;20;2;D;R;J;6;D;;;;;
16;NDE6L64T;23;2;2;1;D;R;N;5;D;;;;;
16;NDE6L64T;23;2;7;1;A;R;J;6;A;;;;;
16;NDE6L64T;23;2;8;1;D;R;J;6;D;;;;;
16;NDE6L64T;23;2;4;1;A;V;N;5;A;;;;;
16;NDE6L64T;23;2;5;1;D;V;N;5;D;;;;;
16;NDE6L64T;23;2;12;1;E;V;J;6;E;;;;;
16;NDE6L64T;23;2;11;1;D;V;J;6;D;;;;;
16;NDE6L64T;23;2;9;1;E;R;J;6;E;;;;;
16;NDE6L64T;23;2;6;1;E;V;N;7;E;;;;;
16;NDE6L64T;23;2;3;1;E;R;N;6;E;;;;;
16;NDE6L64T;23;2;10;1;A;V;J;6;A;;;;;
16;NDE6L64T;23;2;1;1;A;R;N;5;A;;;;;
16;NDE6L64T;23;2;16;2;A;V;N;6;A;;;;;
16;NDE6L64T;23;2;21;2;E;R;J;7;E;;;;;
16;NDE6L64T;23;2;22;2;A;V;J;6;A;;;;;
16;NDE6L64T;23;2;17;2;D;V;N;5;D;;;;;
16;NDE6L64T;23;2;23;2;D;V;J;6;D;;;;;
16;NDE6L64T;23;2;18;2;E;V;N;6;E;;;;;
16;NDE6L64T;23;2;24;2;E;V;J;7;E;;;;;
16;NDE6L64T;23;2;20;2;D;R;J;6;D;;;;;
16;NDE6L64T;23;2;13;2;A;R;N;5;A;;;;;
16;NDE6L64T;23;2;19;2;A;R;J;7;A;;;;;
16;NDE6L64T;23;2;15;2;E;R;N;6;E;;;;;
16;NDE6L64T;23;2;14;2;D;R;N;5;D;;;;;
16;NDE6L64T;23;2;36;3;E;V;J;5;E;;;;;
16;NDE6L64T;23;2;25;3;A;R;N;5;A;;;;;
16;NDE6L64T;23;2;30;3;E;V;N;5;E;;;;;
16;NDE6L64T;23;2;35;3;D;V;J;5;D;;;;;
16;NDE6L64T;23;2;29;3;D;V;N;5;D;;;;;
16;NDE6L64T;23;2;34;3;A;V;J;5;A;;;;;
16;NDE6L64T;23;2;31;3;A;R;J;7;A;;;;;
16;NDE6L64T;23;2;26;3;D;R;N;4;D;;;;;
16;NDE6L64T;23;2;28;3;A;V;N;5;A;;;;;
16;NDE6L64T;23;2;27;3;E;R;N;4;E;;;;;
16;NDE6L64T;23;2;32;3;D;R;J;6;D;;;;;
16;NDE6L64T;23;2;33;3;E;R;J;5;E;;;;;
17;MO35K275;23;1;8;1;D;R;J;6;D;;;;;
17;MO35K275;23;1;12;1;E;V;J;7;E;;;;;
17;MO35K275;23;1;10;1;A;V;J;6;A;;;;;
17;MO35K275;23;1;11;1;D;V;J;6;D;;;;;
17;MO35K275;23;1;4;1;A;V;N;5;A;;;;;
17;MO35K275;23;1;6;1;E;V;N;7;E;;;;;
17;MO35K275;23;1;9;1;E;R;J;7;E;;;;;
17;MO35K275;23;1;5;1;D;V;N;6;D;;;;;
17;MO35K275;23;1;2;1;D;R;N;6;D;;;;;
17;MO35K275;23;1;3;1;E;R;N;6;E;;;;;
17;MO35K275;23;1;1;1;A;R;N;6;A;;;;;
17;MO35K275;23;1;7;1;A;R;J;7;A;;;;;
17;MO35K275;23;1;19;2;A;R;J;7;A;;;;;
17;MO35K275;23;1;24;2;E;V;J;7;E;;;;;
17;MO35K275;23;1;13;2;A;R;N;6;A;;;;;
17;MO35K275;23;1;16;2;A;V;N;6;A;;;;;
17;MO35K275;23;1;17;2;D;V;N;6;D;;;;;
17;MO35K275;23;1;18;2;E;V;N;7;E;;;;;
17;MO35K275;23;1;22;2;A;V;J;7;A;;;;;
17;MO35K275;23;1;23;2;D;V;J;6;D;;;;;
17;MO35K275;23;1;21;2;E;R;J;7;E;;;;;
17;MO35K275;23;1;14;2;D;R;N;5;D;;;;;
17;MO35K275;23;1;20;2;D;R;J;6;D;;;;;
17;MO35K275;23;1;15;2;E;R;N;7;E;;;;;
17;MO35K275;23;1;31;3;A;R;J;6;A;;;;;
17;MO35K275;23;1;28;3;A;V;N;5;A;;;;;
17;MO35K275;23;1;26;3;D;R;N;2;D;;;;;
17;MO35K275;23;1;35;3;D;V;J;7;D;;;;;
17;MO35K275;23;1;32;3;D;R;J;6;D;;;;;
17;MO35K275;23;1;36;3;E;V;J;6;E;;;;;
17;MO35K275;23;1;29;3;D;V;N;5;D;;;;;
17;MO35K275;23;1;27;3;E;R;N;2;E;;;;;
17;MO35K275;23;1;33;3;E;R;J;6;E;;;;;
17;MO35K275;23;1;30;3;E;V;N;6;E;;;;;
17;MO35K275;23;1;25;3;A;R;N;1;A;;;;;
17;MO35K275;23;1;34;3;A;V;J;4;A;;;;;
17;GLTR9BSH;23;2;27;3;E;R;N;2;E;;;;;
17;GLTR9BSH;23;2;35;3;D;V;J;5;D;;;;;
17;GLTR9BSH;23;2;25;3;A;R;N;2;A;;;;;
17;GLTR9BSH;23;2;34;3;A;V;J;6;A;;;;;
17;GLTR9BSH;23;2;28;3;A;V;N;5;A;;;;;
17;GLTR9BSH;23;2;33;3;E;R;J;6;E;;;;;
17;GLTR9BSH;23;2;29;3;D;V;N;6;D;;;;;
17;GLTR9BSH;23;2;31;3;A;R;J;5;A;;;;;
17;GLTR9BSH;23;2;30;3;E;V;N;6;E;;;;;
17;GLTR9BSH;23;2;36;3;E;V;J;7;E;;;;;
17;GLTR9BSH;23;2;26;3;D;R;N;2;D;;;;;
17;GLTR9BSH;23;2;32;3;D;R;J;6;D;;;;;
17;GLTR9BSH;23;2;11;1;D;V;J;6;D;;;;;
17;GLTR9BSH;23;2;4;1;A;V;N;6;A;;;;;
17;GLTR9BSH;23;2;7;1;A;R;J;7;A;;;;;
17;GLTR9BSH;23;2;2;1;D;R;N;6;D;;;;;
17;GLTR9BSH;23;2;8;1;D;R;J;7;D;;;;;
17;GLTR9BSH;23;2;10;1;A;V;J;7;A;;;;;
17;GLTR9BSH;23;2;9;1;E;R;J;6;E;;;;;
17;GLTR9BSH;23;2;12;1;E;V;J;7;E;;;;;
17;GLTR9BSH;23;2;6;1;E;V;N;6;E;;;;;
17;GLTR9BSH;23;2;5;1;D;V;N;6;D;;;;;
17;GLTR9BSH;23;2;3;1;E;R;N;5;E;;;;;
17;GLTR9BSH;23;2;1;1;A;R;N;5;A;;;;;
17;GLTR9BSH;23;2;20;2;D;R;J;6;D;;;;;
17;GLTR9BSH;23;2;21;2;E;R;J;7;E;;;;;
17;GLTR9BSH;23;2;13;2;A;R;N;5;A;;;;;
17;GLTR9BSH;23;2;17;2;D;V;N;5;D;;;;;
17;GLTR9BSH;23;2;22;2;A;V;J;6;A;;;;;
17;GLTR9BSH;23;2;15;2;E;R;N;7;E;;;;;
17;GLTR9BSH;23;2;19;2;A;R;J;7;A;;;;;
17;GLTR9BSH;23;2;16;2;A;V;N;4;A;;;;;
17;GLTR9BSH;23;2;24;2;E;V;J;7;E;;;;;
17;GLTR9BSH;23;2;18;2;E;V;N;6;E;;;;;
17;GLTR9BSH;23;2;14;2;D;R;N;4;D;;;;;
17;GLTR9BSH;23;2;23;2;D;V;J;6;D;;;;;
18;NP952NC4;20;1;24;2;E;V;J;4;E;;;;;
18;NP952NC4;20;1;15;2;E;R;N;3;E;;;;;
18;NP952NC4;20;1;19;2;A;R;J;3;A;;;;;
18;NP952NC4;20;1;14;2;D;R;N;3;D;;;;;
18;NP952NC4;20;1;20;2;D;R;J;4;D;;;;;
18;NP952NC4;20;1;18;2;E;V;N;4;E;;;;;
18;NP952NC4;20;1;17;2;D;V;N;6;D;;;;;
18;NP952NC4;20;1;21;2;E;R;J;5;E;;;;;
18;NP952NC4;20;1;16;2;A;V;N;2;A;;;;;
18;NP952NC4;20;1;13;2;A;R;N;3;A;;;;;
18;NP952NC4;20;1;23;2;D;V;J;4;D;;;;;
18;NP952NC4;20;1;22;2;A;V;J;4;A;;;;;
18;NP952NC4;20;1;26;3;D;R;N;4;D;;;;;
18;NP952NC4;20;1;35;3;D;V;J;5;D;;;;;
18;NP952NC4;20;1;31;3;A;R;J;5;A;;;;;
18;NP952NC4;20;1;29;3;D;V;N;4;D;;;;;
18;NP952NC4;20;1;32;3;D;R;J;5;D;;;;;
18;NP952NC4;20;1;27;3;E;R;N;2;E;;;;;
18;NP952NC4;20;1;34;3;A;V;J;4;A;;;;;
18;NP952NC4;20;1;33;3;E;R;J;5;E;;;;;
18;NP952NC4;20;1;36;3;E;V;J;5;E;;;;;
18;NP952NC4;20;1;30;3;E;V;N;4;E;;;;;
18;NP952NC4;20;1;28;3;A;V;N;2;A;;;;;
18;NP952NC4;20;1;25;3;A;R;N;1;A;;;;;
18;NP952NC4;20;1;11;1;D;V;J;5;D;;;;;
18;NP952NC4;20;1;10;1;A;V;J;5;A;;;;;
18;NP952NC4;20;1;12;1;E;V;J;6;E;;;;;
18;NP952NC4;20;1;7;1;A;R;J;5;A;;;;;
18;NP952NC4;20;1;6;1;E;V;N;6;E;;;;;
18;NP952NC4;20;1;4;1;A;V;N;5;A;;;;;
18;NP952NC4;20;1;9;1;E;R;J;4;E;;;;;
18;NP952NC4;20;1;1;1;A;R;N;4;A;;;;;
18;NP952NC4;20;1;3;1;E;R;N;4;D;;;;;
18;NP952NC4;20;1;2;1;D;R;N;4;D;;;;;
18;NP952NC4;20;1;8;1;D;R;J;5;D;;;;;
18;NP952NC4;20;1;5;1;D;V;N;6;D;;;;;
18;8VLGIPRF;20;2;27;3;E;R;N;4;E;;;;;
18;8VLGIPRF;20;2;28;3;A;V;N;5;D;;;;;
18;8VLGIPRF;20;2;30;3;E;V;N;5;E;;;;;
18;8VLGIPRF;20;2;25;3;A;R;N;1;A;;;;;
18;8VLGIPRF;20;2;31;3;A;R;J;5;A;;;;;
18;8VLGIPRF;20;2;36;3;E;V;J;6;E;;;;;
18;8VLGIPRF;20;2;26;3;D;R;N;3;D;;;;;
18;8VLGIPRF;20;2;29;3;D;V;N;5;D;;;;;
18;8VLGIPRF;20;2;34;3;A;V;J;6;A;;;;;
18;8VLGIPRF;20;2;32;3;D;R;J;6;D;;;;;
18;8VLGIPRF;20;2;33;3;E;R;J;6;E;;;;;
18;8VLGIPRF;20;2;35;3;D;V;J;5;D;;;;;
18;8VLGIPRF;20;2;14;2;D;R;N;4;D;;;;;
18;8VLGIPRF;20;2;23;2;D;V;J;5;D;;;;;
18;8VLGIPRF;20;2;17;2;D;V;N;5;D;;;;;
18;8VLGIPRF;20;2;15;2;E;R;N;4;E;;;;;
18;8VLGIPRF;20;2;21;2;E;R;J;5;E;;;;;
18;8VLGIPRF;20;2;24;2;E;V;J;5;E;;;;;
18;8VLGIPRF;20;2;20;2;D;R;J;3;D;;;;;
18;8VLGIPRF;20;2;22;2;A;V;J;4;A;;;;;
18;8VLGIPRF;20;2;16;2;A;V;N;3;A;;;;;
18;8VLGIPRF;20;2;19;2;A;R;J;5;A;;;;;
18;8VLGIPRF;20;2;13;2;A;R;N;2;A;;;;;
18;8VLGIPRF;20;2;18;2;E;V;N;4;E;;;;;
18;8VLGIPRF;20;2;7;1;A;R;J;5;A;;;;;
18;8VLGIPRF;20;2;6;1;E;V;N;5;E;;;;;
18;8VLGIPRF;20;2;10;1;A;V;J;4;A;;;;;
18;8VLGIPRF;20;2;9;1;E;R;J;4;E;;;;;
18;8VLGIPRF;20;2;2;1;D;R;N;4;D;;;;;
18;8VLGIPRF;20;2;11;1;D;V;J;6;D;;;;;
18;8VLGIPRF;20;2;5;1;D;V;N;5;D;;;;;
18;8VLGIPRF;20;2;1;1;A;R;N;3;A;;;;;
18;8VLGIPRF;20;2;12;1;E;V;J;5;E;;;;;
18;8VLGIPRF;20;2;4;1;A;V;N;4;A;;;;;
18;8VLGIPRF;20;2;8;1;D;R;J;6;D;;;;;
18;8VLGIPRF;20;2;3;1;E;R;N;4;E;;;;;
19;36CKVKQI;26;1;22;2;A;V;J;7;A;;;;;
19;36CKVKQI;26;1;23;2;D;V;J;7;D;;;;;
19;36CKVKQI;26;1;13;2;A;R;N;2;A;;;;;
19;36CKVKQI;26;1;16;2;A;V;N;7;A;;;;;
19;36CKVKQI;26;1;21;2;E;R;J;7;E;;;;;
19;36CKVKQI;26;1;17;2;D;V;N;6;D;;;;;
19;36CKVKQI;26;1;15;2;E;R;N;6;E;;;;;
19;36CKVKQI;26;1;14;2;D;R;N;2;D;;;;;
19;36CKVKQI;26;1;20;2;D;R;J;3;D;;;;;
19;36CKVKQI;26;1;18;2;E;V;N;7;E;;;;;
19;36CKVKQI;26;1;24;2;E;V;J;7;E;;;;;
19;36CKVKQI;26;1;19;2;A;R;J;4;A;;;;;
19;36CKVKQI;26;1;10;1;A;V;J;6;A;;;;;
19;36CKVKQI;26;1;6;1;E;V;N;7;E;;;;;
19;36CKVKQI;26;1;2;1;D;R;N;6;D;;;;;
19;36CKVKQI;26;1;12;1;E;V;J;7;E;;;;;
19;36CKVKQI;26;1;1;1;A;R;N;7;A;;;;;
19;36CKVKQI;26;1;7;1;A;R;J;7;A;;;;;
19;36CKVKQI;26;1;8;1;D;R;J;7;D;;;;;
19;36CKVKQI;26;1;3;1;E;R;N;5;E;;;;;
19;36CKVKQI;26;1;4;1;A;V;N;6;A;;;;;
19;36CKVKQI;26;1;5;1;D;V;N;7;D;;;;;
19;36CKVKQI;26;1;9;1;E;R;J;6;E;;;;;
19;36CKVKQI;26;1;11;1;D;V;J;6;D;;;;;
19;36CKVKQI;26;1;28;3;A;V;N;6;A;;;;;
19;36CKVKQI;26;1;30;3;E;V;N;6;E;;;;;
19;36CKVKQI;26;1;35;3;D;V;J;5;D;;;;;
19;36CKVKQI;26;1;34;3;A;V;J;6;A;;;;;
19;36CKVKQI;26;1;29;3;D;V;N;5;D;;;;;
19;36CKVKQI;26;1;26;3;D;R;N;3;D;;;;;
19;36CKVKQI;26;1;31;3;A;R;J;3;A;;;;;
19;36CKVKQI;26;1;36;3;E;V;J;5;E;;;;;
19;36CKVKQI;26;1;25;3;A;R;N;4;A;;;;;
19;36CKVKQI;26;1;27;3;E;R;N;6;E;;;;;
19;36CKVKQI;26;1;32;3;D;R;J;3;D;;;;;
19;36CKVKQI;26;1;33;3;E;R;J;5;E;;;;;
19;JKLVHDDN;26;2;33;3;E;R;J;5;E;;;;;
19;JKLVHDDN;26;2;34;3;A;V;J;3;A;;;;;
19;JKLVHDDN;26;2;31;3;A;R;J;4;A;;;;;
19;JKLVHDDN;26;2;28;3;A;V;N;1;A;;;;;
19;JKLVHDDN;26;2;32;3;D;R;J;6;D;;;;;
19;JKLVHDDN;26;2;35;3;D;V;J;6;D;;;;;
19;JKLVHDDN;26;2;36;3;E;V;J;5;E;;;;;
19;JKLVHDDN;26;2;25;3;A;R;N;6;E;;;;;
19;JKLVHDDN;26;2;29;3;D;V;N;2;A;;;;;
19;JKLVHDDN;26;2;26;3;D;R;N;4;D;;;;;
19;JKLVHDDN;26;2;30;3;E;V;N;3;D;;;;;
19;JKLVHDDN;26;2;27;3;E;R;N;5;E;;;;;
19;JKLVHDDN;26;2;18;2;E;V;N;7;E;;;;;
19;JKLVHDDN;26;2;17;2;D;V;N;6;D;;;;;
19;JKLVHDDN;26;2;22;2;A;V;J;7;A;;;;;
19;JKLVHDDN;26;2;15;2;E;R;N;5;E;;;;;
19;JKLVHDDN;26;2;23;2;D;V;J;6;D;;;;;
19;JKLVHDDN;26;2;16;2;A;V;N;6;A;;;;;
19;JKLVHDDN;26;2;21;2;E;R;J;6;E;;;;;
19;JKLVHDDN;26;2;19;2;A;R;J;5;A;;;;;
19;JKLVHDDN;26;2;14;2;D;R;N;3;D;;;;;
19;JKLVHDDN;26;2;13;2;A;R;N;3;A;;;;;
19;JKLVHDDN;26;2;20;2;D;R;J;4;D;;;;;
19;JKLVHDDN;26;2;24;2;E;V;J;7;E;;;;;
19;JKLVHDDN;26;2;1;1;A;R;N;7;A;;;;;
19;JKLVHDDN;26;2;8;1;D;R;J;7;D;;;;;
19;JKLVHDDN;26;2;4;1;A;V;N;7;A;;;;;
19;JKLVHDDN;26;2;5;1;D;V;N;7;D;;;;;
19;JKLVHDDN;26;2;9;1;E;R;J;7;E;;;;;
19;JKLVHDDN;26;2;7;1;A;R;J;3;A;;;;;
19;JKLVHDDN;26;2;10;1;A;V;J;6;A;;;;;
19;JKLVHDDN;26;2;11;1;D;V;J;5;D;;;;;
19;JKLVHDDN;26;2;6;1;E;V;N;6;E;;;;;
19;JKLVHDDN;26;2;12;1;E;V;J;6;E;;;;;
19;JKLVHDDN;26;2;3;1;E;R;N;5;E;;;;;
19;JKLVHDDN;26;2;2;1;D;R;N;2;D;;;;;
20;C5WJGCRB;25;1;2;1;D;R;N;3;A;;;;;
20;C5WJGCRB;25;1;4;1;A;V;N;4;A;;;;;
20;C5WJGCRB;25;1;10;1;A;V;J;4;A;;;;;
20;C5WJGCRB;25;1;5;1;D;V;N;3;D;;;;;
20;C5WJGCRB;25;1;7;1;A;R;J;2;A;;;;;
20;C5WJGCRB;25;1;12;1;E;V;J;4;E;;;;;
20;C5WJGCRB;25;1;6;1;E;V;N;4;E;;;;;
20;C5WJGCRB;25;1;11;1;D;V;J;2;D;;;;;
20;C5WJGCRB;25;1;3;1;E;R;N;3;E;;;;;
20;C5WJGCRB;25;1;8;1;D;R;J;3;D;;;;;
20;C5WJGCRB;25;1;9;1;E;R;J;4;E;;;;;
20;C5WJGCRB;25;1;1;1;A;R;N;3;A;;;;;
20;C5WJGCRB;25;1;30;3;E;V;N;2;E;;;;;
20;C5WJGCRB;25;1;29;3;D;V;N;2;D;;;;;
20;C5WJGCRB;25;1;26;3;D;R;N;4;D;;;;;
20;C5WJGCRB;25;1;35;3;D;V;J;2;D;;;;;
20;C5WJGCRB;25;1;36;3;E;V;J;1;E;;;;;
20;C5WJGCRB;25;1;31;3;A;R;J;4;A;;;;;
20;C5WJGCRB;25;1;25;3;A;R;N;3;A;;;;;
20;C5WJGCRB;25;1;34;3;A;V;J;2;A;;;;;
20;C5WJGCRB;25;1;27;3;E;R;N;5;E;;;;;
20;C5WJGCRB;25;1;28;3;A;V;N;3;A;;;;;
20;C5WJGCRB;25;1;32;3;D;R;J;3;D;;;;;
20;C5WJGCRB;25;1;33;3;E;R;J;4;E;;;;;
20;C5WJGCRB;25;1;23;2;D;V;J;4;D;;;;;
20;C5WJGCRB;25;1;20;2;D;R;J;3;D;;;;;
20;C5WJGCRB;25;1;22;2;A;V;J;4;A;;;;;
20;C5WJGCRB;25;1;13;2;A;R;N;2;A;;;;;
20;C5WJGCRB;25;1;24;2;E;V;J;5;E;;;;;
20;C5WJGCRB;25;1;17;2;D;V;N;4;D;;;;;
20;C5WJGCRB;25;1;21;2;E;R;J;5;E;;;;;
20;C5WJGCRB;25;1;19;2;A;R;J;5;A;;;;;
20;C5WJGCRB;25;1;15;2;E;R;N;3;E;;;;;
20;C5WJGCRB;25;1;14;2;D;R;N;4;A;;;;;
20;C5WJGCRB;25;1;18;2;E;V;N;6;E;;;;;
20;C5WJGCRB;25;1;16;2;A;V;N;5;A;;;;;
20;113R6IHC;25;2;7;1;A;R;J;4;A;;;;;
20;113R6IHC;25;2;6;1;E;V;N;4;E;;;;;
20;113R6IHC;25;2;12;1;E;V;J;4;E;;;;;
20;113R6IHC;25;2;4;1;A;V;N;3;D;;;;;
20;113R6IHC;25;2;1;1;A;R;N;5;A;;;;;
20;113R6IHC;25;2;2;1;D;R;N;5;D;;;;;
20;113R6IHC;25;2;10;1;A;V;J;2;A;;;;;
20;113R6IHC;25;2;8;1;D;R;J;5;D;;;;;
20;113R6IHC;25;2;3;1;E;R;N;4;E;;;;;
20;113R6IHC;25;2;5;1;D;V;N;2;D;;;;;
20;113R6IHC;25;2;11;1;D;V;J;2;D;;;;;
20;113R6IHC;25;2;9;1;E;R;J;3;E;;;;;
20;113R6IHC;25;2;28;3;A;V;N;2;D;;;;;
20;113R6IHC;25;2;29;3;D;V;N;3;D;;;;;
20;113R6IHC;25;2;26;3;D;R;N;4;D;;;;;
20;113R6IHC;25;2;34;3;A;V;J;3;A;;;;;
20;113R6IHC;25;2;30;3;E;V;N;4;E;;;;;
20;113R6IHC;25;2;32;3;D;R;J;4;D;;;;;
20;113R6IHC;25;2;25;3;A;R;N;3;A;;;;;
20;113R6IHC;25;2;36;3;E;V;J;2;E;;;;;
20;113R6IHC;25;2;35;3;D;V;J;3;D;;;;;
20;113R6IHC;25;2;27;3;E;R;N;4;E;;;;;
20;113R6IHC;25;2;31;3;A;R;J;3;A;;;;;
20;113R6IHC;25;2;33;3;E;R;J;5;E;;;;;
20;113R6IHC;25;2;16;2;A;V;N;4;A;;;;;
20;113R6IHC;25;2;13;2;A;R;N;3;A;;;;;
20;113R6IHC;25;2;21;2;E;R;J;5;E;;;;;
20;113R6IHC;25;2;15;2;E;R;N;5;E;;;;;
20;113R6IHC;25;2;22;2;A;V;J;6;A;;;;;
20;113R6IHC;25;2;14;2;D;R;N;3;D;;;;;
20;113R6IHC;25;2;19;2;A;R;J;5;A;;;;;
20;113R6IHC;25;2;24;2;E;V;J;5;E;;;;;
20;113R6IHC;25;2;23;2;D;V;J;4;D;;;;;
20;113R6IHC;25;2;20;2;D;R;J;4;D;;;;;
20;113R6IHC;25;2;17;2;D;V;N;5;D;;;;;
20;113R6IHC;25;2;18;2;E;V;N;6;E;;;;;
